field_id,lat,lon,date,T2M,T2M_MAX,T2M_MIN,PRECTOTCORR,ALLSKY_SFC_SW_DWN,RH2M,WS10M
osm-1052414024,43.31467770272625,-94.2635206471532,2024-01-01,-5.8900146,-0.40997314,-10.630005,0.0,6.9552,84.41998,4.01001
osm-1052414024,43.31467770272625,-94.2635206471532,2024-01-02,-2.8900146,3.0100098,-5.950012,0.0,3.8154218,90.66998,4.5300293
osm-1052414024,43.31467770272625,-94.2635206471532,2024-01-03,-3.7700195,0.77001953,-7.700012,0.0,2.9764812,83.21002,4.25
osm-1052414024,43.31467770272625,-94.2635206471532,2024-01-04,-5.1799927,-0.7999878,-8.51001,0.0,3.3454056,79.34003,2.380005
osm-1052414024,43.31467770272625,-94.2635206471532,2024-01-05,-2.460022,0.32000732,-5.73999,0.0,5.1572165,85.17999,4.0200195
osm-1052414024,43.31467770272625,-94.2635206471532,2024-01-06,-2.2700195,1.2199707,-4.6400146,0.10998535,2.1479027,89.02002,3.7600098
osm-1052414024,43.31467770272625,-94.2635206471532,2024-01-07,-4.51001,-1.039978,-7.3499756,0.05999756,6.627746,77.31,3.419983
osm-1052414024,43.31467770272625,-94.2635206471532,2024-01-08,-2.789978,-0.46002197,-4.7800293,2.6599731,3.1821136,87.73999,5.200012
osm-1052414024,43.31467770272625,-94.2635206471532,2024-01-09,-3.4799805,-1.1199951,-8.609985,2.3099976,2.9790704,89.04999,8.090027
osm-1052414024,43.31467770272625,-94.2635206471532,2024-01-10,-6.119995,-2.5599976,-8.809998,2.7299805,2.164319,86.70001,3.8900146
osm-1052414024,43.31467770272625,-94.2635206471532,2024-01-11,-10.869995,-7.1099854,-13.530029,0.5700073,4.2880325,77.79999,5.210022
osm-1052414024,43.31467770272625,-94.2635206471532,2024-01-12,-13.039978,-11.969971,-13.919983,3.3200073,3.913919,84.27002,10.909973
osm-1052414024,43.31467770272625,-94.2635206471532,2024-01-13,-19.890015,-13.700012,-24.22998,0.6500244,3.8508487,80.84003,11.690002
osm-1052414024,43.31467770272625,-94.2635206471532,2024-01-14,-22.76001,-17.330017,-26.52002,0.030029297,6.8808975,82.140015,6.909973
osm-1052414024,43.31467770272625,-94.2635206471532,2024-01-15,-22.21997,-16.27002,-26.939941,0.0,6.7953625,82.21002,6.4699707
osm-1052414024,43.31467770272625,-94.2635206471532,2024-01-16,-19.77002,-13.179993,-25.26001,0.0,6.249314,81.119995,7.3099976
osm-1052414024,43.31467770272625,-94.2635206471532,2024-01-17,-14.650024,-8.859985,-20.619995,0.0,4.891103,81.04999,4.26001
osm-1052414024,43.31467770272625,-94.2635206471532,2024-01-18,-14.700012,-12.840027,-17.640015,3.7000122,5.6194544,85.98999,5.380005
osm-1052414024,43.31467770272625,-94.2635206471532,2024-01-19,-17.640015,-15.190002,-22.909973,0.05999756,8.577795,81.359985,6.580017
osm-1052414024,43.31467770272625,-94.2635206471532,2024-01-20,-19.159973,-12.789978,-23.409973,0.0,7.1280003,89.880005,3.9400024
osm-1052414024,43.31467770272625,-94.2635206471532,2024-01-21,-11.969971,-6.580017,-19.429993,0.0,4.978368,87.65997,9.580017
osm-1052414024,43.31467770272625,-94.2635206471532,2024-01-22,-2.2199707,1.0300293,-6.0700073,0.030029297,7.2403193,90.56,4.2700195
osm-1052414024,43.31467770272625,-94.2635206471532,2024-01-23,-2.0100098,0.55999756,-4.1900024,0.030029297,3.0818865,95.369995,2.619995
osm-1052414024,43.31467770272625,-94.2635206471532,2024-01-24,-0.6500244,1.9500122,-3.6799927,0.099975586,4.4513297,95.099976,2.9500122
osm-1052414024,43.31467770272625,-94.2635206471532,2024-01-25,0.539978,2.7999878,-1.0900269,0.3499756,4.2050867,94.21002,1.4000244
osm-1052414024,43.31467770272625,-94.2635206471532,2024-01-26,0.020019531,3.6400146,-2.9699707,0.52001953,3.4162543,94.47998,3.0599976
osm-1052414024,43.31467770272625,-94.2635206471532,2024-01-27,-1.5800171,2.789978,-3.539978,0.020019531,5.1140165,93.44,3.0
osm-1052414024,43.31467770272625,-94.2635206471532,2024-01-28,-0.539978,5.1900024,-2.630005,0.010009766,7.9738545,91.72998,3.2800293
osm-1052414024,43.31467770272625,-94.2635206471532,2024-01-29,1.9500122,9.849976,-2.2399902,0.0,10.112254,90.73999,5.909973
osm-1052414024,43.31467770272625,-94.2635206471532,2024-01-30,0.6300049,5.669983,-2.4500122,0.0,5.1183352,89.630005,4.9000244
osm-1052414024,43.31467770272625,-94.2635206471532,2024-01-31,2.869995,11.419983,-1.5499878,0.010009766,10.414655,91.15997,5.3499756
osm-1052414024,43.31467770272625,-94.2635206471532,2024-02-01,3.1900024,11.929993,-1.0100098,0.020019531,10.490686,87.51001,4.119995
osm-1052414024,43.31467770272625,-94.2635206471532,2024-02-02,1.0499878,7.169983,-2.039978,0.010009766,7.1064,86.27002,6.289978
osm-1052414024,43.31467770272625,-94.2635206471532,2024-02-03,0.6500244,6.51001,-2.3200073,0.010009766,6.6502056,86.640015,5.3200073
osm-1052414024,43.31467770272625,-94.2635206471532,2024-02-04,0.32000732,7.0300293,-2.8099976,0.0,8.894016,83.900024,3.619995
osm-1052414024,43.31467770272625,-94.2635206471532,2024-02-05,2.0499878,8.530029,-1.9799805,0.0,8.863778,77.70001,2.1099854
osm-1052414024,43.31467770272625,-94.2635206471532,2024-02-06,3.2199707,10.549988,-1.6199951,0.0,8.741952,74.06,5.380005
osm-1052414024,43.31467770272625,-94.2635206471532,2024-02-07,6.0,10.26001,2.130005,0.030029297,5.102784,77.619995,9.119995
osm-1052414024,43.31467770272625,-94.2635206471532,2024-02-08,5.409973,10.419983,-0.16998291,1.6099854,3.4145298,85.53998,10.390015
osm-1052414024,43.31467770272625,-94.2635206471532,2024-02-09,-0.5700073,3.1400146,-3.0700073,0.010009766,4.950719,80.21997,6.330017
osm-1052414024,43.31467770272625,-94.2635206471532,2024-02-10,-1.5700073,2.8400269,-3.830017,0.0,9.125567,74.02002,4.76001
osm-1052414024,43.31467770272625,-94.2635206471532,2024-02-11,-0.60998535,4.590027,-3.5300293,0.010009766,12.686978,72.98999,4.0200195
osm-1052414024,43.31467770272625,-94.2635206471532,2024-02-12,0.13000488,7.8599854,-3.5499878,0.0,13.346206,75.65997,4.380005
osm-1052414024,43.31467770272625,-94.2635206471532,2024-02-13,-0.15997314,4.630005,-3.369995,0.0,12.475298,77.06,1.5999756
osm-1052414024,43.31467770272625,-94.2635206471532,2024-02-14,0.3300171,5.590027,-2.8900146,3.789978,7.418303,85.140015,3.9000244
osm-1052414024,43.31467770272625,-94.2635206471532,2024-02-15,-3.1799927,1.1099854,-6.7199707,0.039978027,13.189822,66.28003,5.4299927
osm-1052414024,43.31467770272625,-94.2635206471532,2024-02-16,-7.299988,-4.1799927,-12.97998,0.049987793,6.562946,60.409973,6.5999756
osm-1052414024,43.31467770272625,-94.2635206471532,2024-02-17,-6.3599854,0.3499756,-13.580017,0.0,13.766978,64.650024,8.809998
osm-1052414024,43.31467770272625,-94.2635206471532,2024-02-18,-1.3699951,4.710022,-6.830017,0.0,14.866849,67.46997,4.0599976
osm-1052414024,43.31467770272625,-94.2635206471532,2024-02-19,1.2199707,10.130005,-4.289978,0.0,13.312513,73.03003,4.950012
osm-1052414024,43.31467770272625,-94.2635206471532,2024-02-20,2.8599854,9.780029,-2.7700195,0.0,14.141087,76.44,3.1799927
osm-1052414024,43.31467770272625,-94.2635206471532,2024-02-21,3.2999878,8.5,-2.539978,0.0,9.573119,68.390015,2.1400146
osm-1052414024,43.31467770272625,-94.2635206471532,2024-02-22,4.3200073,11.469971,-0.9299927,0.0,14.396832,71.04999,5.090027
osm-1052414024,43.31467770272625,-94.2635206471532,2024-02-23,0.28997803,6.130005,-4.9799805,0.010009766,10.234946,80.869995,6.26001
osm-1052414024,43.31467770272625,-94.2635206471532,2024-02-24,0.75,8.880005,-5.539978,0.0,14.762303,70.27002,5.6099854
osm-1052414024,43.31467770272625,-94.2635206471532,2024-02-25,4.4000244,11.890015,-1.0999756,0.0,13.042082,70.26001,4.8099976
osm-1052414024,43.31467770272625,-94.2635206471532,2024-02-26,7.409973,19.599976,-2.2299805,0.0,14.966206,62.72998,5.869995
osm-1052414024,43.31467770272625,-94.2635206471532,2024-02-27,-1.3300171,7.4299927,-10.5,0.38000488,7.64813,67.96002,10.700012
osm-1052414024,43.31467770272625,-94.2635206471532,2024-02-28,-8.890015,-3.6599731,-13.599976,0.0,16.889471,52.609985,7.23999
osm-1052414024,43.31467770272625,-94.2635206471532,2024-02-29,1.289978,12.309998,-8.289978,0.0,16.435005,57.559998,8.369995
osm-1052414024,43.31467770272625,-94.2635206471532,2024-03-01,4.8200073,12.880005,-1.0599976,0.0,16.177536,71.53998,9.109985
osm-1052414024,43.31467770272625,-94.2635206471532,2024-03-02,6.950012,17.059998,0.4000244,0.010009766,13.684032,79.59003,7.51001
osm-1052414024,43.31467770272625,-94.2635206471532,2024-03-03,9.890015,19.849976,0.25,0.010009766,16.382303,71.19,8.900024
osm-1052414024,43.31467770272625,-94.2635206471532,2024-03-04,1.5200195,6.23999,-3.9799805,0.26000977,4.497984,64.380005,5.330017
osm-1052414024,43.31467770272625,-94.2635206471532,2024-03-05,2.1400146,9.809998,-4.9400024,0.0,16.465248,59.23999,3.0100098
osm-1052414024,43.31467770272625,-94.2635206471532,2024-03-06,5.0,13.609985,-2.2199707,0.0,15.939936,53.659973,5.5999756
osm-1052414024,43.31467770272625,-94.2635206471532,2024-03-07,3.919983,10.700012,-1.5499878,0.030029297,11.247552,67.46997,5.2800293
osm-1052414024,43.31467770272625,-94.2635206471532,2024-03-08,-0.5800171,5.2199707,-4.51001,0.020019531,14.631838,62.159973,7.909973
osm-1052414024,43.31467770272625,-94.2635206471532,2024-03-09,-1.3300171,5.0,-5.3900146,0.0,18.995039,61.03003,5.5599976
osm-1052414024,43.31467770272625,-94.2635206471532,2024-03-10,3.419983,11.659973,-3.3099976,0.0,17.928865,51.090027,4.3900146
osm-1052414024,43.31467770272625,-94.2635206471532,2024-03-11,10.280029,21.859985,-0.32000732,0.0,17.211746,62.869995,5.9400024
osm-1052414024,43.31467770272625,-94.2635206471532,2024-03-12,10.809998,18.830017,4.669983,0.0,17.35258,56.02002,4.119995
osm-1052414024,43.31467770272625,-94.2635206471532,2024-03-13,10.690002,18.619995,2.5599976,2.9099731,14.791681,59.27002,4.619995
osm-1052414024,43.31467770272625,-94.2635206471532,2024-03-14,9.059998,13.530029,3.8499756,4.630005,5.01293,71.25,6.3099976
osm-1052414024,43.31467770272625,-94.2635206471532,2024-03-15,5.330017,12.150024,-0.9299927,0.23999023,16.556833,69.02002,5.549988
osm-1052414024,43.31467770272625,-94.2635206471532,2024-03-16,4.9299927,9.72998,-0.75,0.0,14.231806,54.099976,8.77002
osm-1052414024,43.31467770272625,-94.2635206471532,2024-03-17,-3.7199707,-0.3499756,-6.6500244,0.0,15.832801,54.96997,8.98999
osm-1052414024,43.31467770272625,-94.2635206471532,2024-03-18,-2.419983,2.8400269,-6.539978,0.0,18.850752,48.409973,5.799988
osm-1052414024,43.31467770272625,-94.2635206471532,2024-03-19,4.330017,12.929993,-2.4899902,0.0,19.98778,56.71997,7.830017
osm-1052414024,43.31467770272625,-94.2635206471532,2024-03-20,-2.619995,1.9199829,-6.9400024,0.0,21.246622,45.549988,5.7800293
osm-1052414024,43.31467770272625,-94.2635206471532,2024-03-21,-0.59002686,2.830017,-3.8200073,0.42999268,10.655714,57.909973,3.2700195
osm-1052414024,43.31467770272625,-94.2635206471532,2024-03-22,-1.5100098,2.960022,-5.450012,0.85998535,7.159968,71.27002,5.8900146
osm-1052414024,43.31467770272625,-94.2635206471532,2024-03-23,-2.2399902,2.8499756,-6.590027,2.369995,12.997151,62.78003,3.3499756
osm-1052414024,43.31467770272625,-94.2635206471532,2024-03-24,-0.35998535,2.460022,-3.9000244,26.690002,2.9220488,89.07001,7.2800293
osm-1052414024,43.31467770272625,-94.2635206471532,2024-03-25,2.880005,7.25,0.2199707,23.849976,4.3217297,96.640015,4.8200073
osm-1052414024,43.31467770272625,-94.2635206471532,2024-03-26,-4.3099976,-0.090026855,-8.609985,1.7600098,9.216287,85.890015,10.650024
osm-1052414024,43.31467770272625,-94.2635206471532,2024-03-27,-5.8499756,0.34002686,-11.570007,0.0,19.648222,75.34003,5.909973
osm-1052414024,43.31467770272625,-94.2635206471532,2024-03-28,-2.2299805,4.950012,-8.549988,0.0,21.510147,68.03003,3.0999756
osm-1052414024,43.31467770272625,-94.2635206471532,2024-03-29,5.710022,15.559998,-2.6900024,0.090026855,15.520898,74.349976,5.450012
osm-1052414024,43.31467770272625,-94.2635206471532,2024-03-30,4.950012,11.0,-0.77001953,0.049987793,20.377438,74.400024,5.460022
osm-1052414024,43.31467770272625,-94.2635206471532,2024-03-31,3.5,8.27002,-0.22998047,0.44000244,5.2427516,80.54999,3.6900024
osm-1052414024,43.31467770272625,-94.2635206471532,2024-04-01,3.0599976,6.7800293,-0.42999268,10.159973,1.9621459,89.640015,6.409973
osm-1052414024,43.31467770272625,-94.2635206471532,2024-04-02,4.330017,9.390015,0.4199829,2.0200195,11.594016,75.369995,8.039978
osm-1052414024,43.31467770272625,-94.2635206471532,2024-04-03,4.299988,11.25,-0.8300171,0.05999756,22.685184,61.390015,11.219971
osm-1052414024,43.31467770272625,-94.2635206471532,2024-04-04,4.23999,11.98999,-2.9099731,0.0,23.857634,67.880005,6.080017
osm-1052414024,43.31467770272625,-94.2635206471532,2024-04-05,6.289978,14.219971,-1.0700073,0.0,22.553854,65.28998,3.619995
osm-1052414024,43.31467770272625,-94.2635206471532,2024-04-06,7.799988,15.119995,0.52001953,0.38000488,23.171618,58.25,10.469971
osm-1052414024,43.31467770272625,-94.2635206471532,2024-04-07,7.340027,11.869995,3.6599731,10.97998,3.7497623,84.83002,8.48999
osm-1052414024,43.31467770272625,-94.2635206471532,2024-04-08,8.809998,14.559998,3.9299927,0.76000977,11.390979,77.65997,6.4299927
osm-1052414024,43.31467770272625,-94.2635206471532,2024-04-09,9.390015,17.049988,1.460022,0.0,21.828098,69.380005,5.75
osm-1052414024,43.31467770272625,-94.2635206471532,2024-04-10,12.419983,20.880005,4.619995,0.5800171,18.607103,58.830017,5.080017
osm-1052414024,43.31467770272625,-94.2635206471532,2024-04-11,8.549988,12.090027,4.669983,1.6500244,11.619071,73.71002,8.820007
osm-1052414024,43.31467770272625,-94.2635206471532,2024-04-12,9.929993,16.51001,2.5700073,0.0,25.488865,60.76001,5.9799805
osm-1052414024,43.31467770272625,-94.2635206471532,2024-04-13,16.0,27.320007,4.4400024,0.010009766,23.35392,57.23999,7.039978
osm-1052414024,43.31467770272625,-94.2635206471532,2024-04-14,16.090027,23.859985,9.27002,0.0,25.169184,58.909973,5.299988
osm-1052414024,43.31467770272625,-94.2635206471532,2024-04-15,16.179993,24.599976,6.909973,0.0,25.176962,48.669983,6.2299805
osm-1052414024,43.31467770272625,-94.2635206471532,2024-04-16,14.320007,22.0,10.169983,33.940002,8.225282,77.29999,9.5
osm-1052414024,43.31467770272625,-94.2635206471532,2024-04-17,11.640015,17.98999,7.73999,0.5700073,16.916254,69.900024,8.150024
osm-1052414024,43.31467770272625,-94.2635206471532,2024-04-18,7.549988,12.650024,1.3599854,11.47998,18.447266,62.22998,6.6799927
osm-1052414024,43.31467770272625,-94.2635206471532,2024-04-19,3.119995,8.090027,-1.289978,0.010009766,21.758114,52.96997,8.919983
osm-1052414024,43.31467770272625,-94.2635206471532,2024-04-20,2.9500122,9.559998,-2.9000244,0.0,15.545087,61.340027,6.289978
osm-1052414024,43.31467770272625,-94.2635206471532,2024-04-21,7.1799927,16.289978,-2.6099854,0.0,27.086401,54.539978,4.5300293
osm-1052414024,43.31467770272625,-94.2635206471532,2024-04-22,10.48999,19.200012,2.8599854,0.049987793,16.314915,60.53003,7.700012
osm-1052414024,43.31467770272625,-94.2635206471532,2024-04-23,10.549988,16.109985,5.3200073,0.010009766,21.689856,63.119995,7.0200195
osm-1052414024,43.31467770272625,-94.2635206471532,2024-04-24,10.190002,17.940002,1.6799927,0.0,26.92224,63.73999,2.5300293
osm-1052414024,43.31467770272625,-94.2635206471532,2024-04-25,13.23999,20.26001,7.23999,0.7199707,22.927969,60.419983,7.450012
osm-1052414024,43.31467770272625,-94.2635206471532,2024-04-26,11.330017,15.77002,8.690002,17.140015,6.48,84.19,10.369995
osm-1052414024,43.31467770272625,-94.2635206471532,2024-04-27,14.799988,20.47998,10.210022,0.13000488,8.332417,74.95001,5.7299805
osm-1052414024,43.31467770272625,-94.2635206471532,2024-04-28,11.789978,16.820007,9.26001,21.0,5.2401624,87.73999,6.289978
osm-1052414024,43.31467770272625,-94.2635206471532,2024-04-29,9.159973,13.460022,4.9799805,0.64001465,9.921313,75.59003,6.23999
osm-1052414024,43.31467770272625,-94.2635206471532,2024-04-30,13.880005,23.429993,3.8599854,15.369995,12.475298,74.380005,5.880005
osm-1052414024,43.31467770272625,-94.2635206471532,2024-05-01,12.539978,18.950012,5.7299805,5.8200073,18.4464,62.059998,4.9699707
osm-1052414024,43.31467770272625,-94.2635206471532,2024-05-02,11.200012,15.320007,7.3599854,29.840027,10.615103,82.75,4.789978
osm-1052414024,43.31467770272625,-94.2635206471532,2024-05-03,14.280029,21.880005,5.2199707,0.0,23.689152,60.039978,4.1400146
osm-1052414024,43.31467770272625,-94.2635206471532,2024-05-04,10.440002,16.830017,3.289978,16.98999,16.104097,73.77002,6.210022
osm-1052414024,43.31467770272625,-94.2635206471532,2024-05-05,12.48999,19.580017,4.6500244,0.0,27.895103,63.630005,3.039978
osm-1052414024,43.31467770272625,-94.2635206471532,2024-05-06,16.440002,23.190002,8.330017,2.9400024,18.353086,71.98999,8.849976
osm-1052414024,43.31467770272625,-94.2635206471532,2024-05-07,16.23999,20.53003,11.73999,23.059998,25.021439,67.01001,6.840027
osm-1052414024,43.31467770272625,-94.2635206471532,2024-05-08,14.030029,18.609985,8.26001,11.109985,18.712515,77.41998,3.789978
osm-1052414024,43.31467770272625,-94.2635206471532,2024-05-09,13.299988,17.570007,9.390015,1.5800171,19.117731,80.19,4.909973
osm-1052414024,43.31467770272625,-94.2635206471532,2024-05-10,15.02002,23.630005,7.4799805,0.05999756,25.477633,62.609985,5.090027
osm-1052414024,43.31467770272625,-94.2635206471532,2024-05-11,16.380005,24.51001,7.2199707,0.0,29.003616,60.109985,3.7299805
osm-1052414024,43.31467770272625,-94.2635206471532,2024-05-12,20.390015,29.039978,11.859985,0.55999756,23.657185,65.02002,4.7199707
osm-1052414024,43.31467770272625,-94.2635206471532,2024-05-13,16.46997,22.070007,11.190002,0.010009766,18.549217,66.82001,4.26001
osm-1052414024,43.31467770272625,-94.2635206471532,2024-05-14,15.450012,22.599976,7.9000244,0.0,27.67738,72.46002,4.4400024
osm-1052414024,43.31467770272625,-94.2635206471532,2024-05-15,16.340027,21.73999,10.640015,6.9400024,15.545087,81.849976,4.4799805
osm-1052414024,43.31467770272625,-94.2635206471532,2024-05-16,16.820007,22.309998,10.5,1.2800293,20.911396,71.90997,4.159973
osm-1052414024,43.31467770272625,-94.2635206471532,2024-05-17,19.77002,27.549988,12.130005,0.2999878,24.635233,66.09003,6.26001
osm-1052414024,43.31467770272625,-94.2635206471532,2024-05-18,19.820007,26.200012,11.960022,0.0,28.6632,65.109985,6.9400024
osm-1052414024,43.31467770272625,-94.2635206471532,2024-05-19,15.859985,21.51001,9.299988,2.1099854,9.329471,67.78998,3.960022
osm-1052414024,43.31467770272625,-94.2635206471532,2024-05-20,21.46997,27.210022,15.130005,5.049988,25.579584,81.46997,2.6400146
osm-1052414024,43.31467770272625,-94.2635206471532,2024-05-21,18.679993,26.299988,10.109985,45.359985,7.845984,86.77002,8.409973
osm-1052414024,43.31467770272625,-94.2635206471532,2024-05-22,15.400024,21.96997,8.289978,0.38000488,27.845856,66.09003,7.1400146
osm-1052414024,43.31467770272625,-94.2635206471532,2024-05-23,18.919983,25.679993,12.059998,0.10998535,29.107298,66.630005,5.2299805
osm-1052414024,43.31467770272625,-94.2635206471532,2024-05-24,16.700012,21.840027,8.530029,15.450012,23.399714,70.140015,8.049988
osm-1052414024,43.31467770272625,-94.2635206471532,2024-05-25,15.76001,21.669983,7.549988,0.099975586,20.607265,69.369995,4.8900146
osm-1052414024,43.31467770272625,-94.2635206471532,2024-05-26,16.25,21.349976,12.309998,3.7399902,19.065887,81.15997,3.9299927
osm-1052414024,43.31467770272625,-94.2635206471532,2024-05-27,16.130005,21.5,10.919983,5.51001,22.977217,75.609985,5.01001
osm-1052414024,43.31467770272625,-94.2635206471532,2024-05-28,14.169983,19.25,8.809998,1.1199951,24.711266,76.16998,4.590027
osm-1052414024,43.31467770272625,-94.2635206471532,2024-05-29,15.72998,22.460022,7.5300293,0.0,30.819746,69.140015,2.669983
osm-1052414024,43.31467770272625,-94.2635206471532,2024-05-30,18.559998,25.27002,11.099976,2.4699707,23.316769,73.32001,6.700012
osm-1052414024,43.31467770272625,-94.2635206471532,2024-05-31,18.940002,22.140015,16.52002,31.669983,9.291454,86.04999,3.3900146
osm-1052414024,43.31467770272625,-94.2635206471532,2024-06-01,19.46997,23.840027,15.169983,1.0,22.608288,70.859985,2.960022
osm-1052414024,43.31467770272625,-94.2635206471532,2024-06-02,19.130005,22.869995,13.080017,5.25,19.16093,79.96002,6.1400146
osm-1052414024,43.31467770272625,-94.2635206471532,2024-06-03,23.140015,28.23999,19.369995,1.8200073,27.45792,77.71002,4.130005
osm-1052414024,43.31467770272625,-94.2635206471532,2024-06-04,20.640015,27.359985,12.109985,17.75,17.850239,84.03998,5.1799927
osm-1052414024,43.31467770272625,-94.2635206471532,2024-06-05,18.159973,24.859985,10.700012,0.15002441,21.500639,66.98999,6.299988
osm-1052414024,43.31467770272625,-94.2635206471532,2024-06-06,17.26001,22.96997,11.25,0.0,31.634499,60.960022,7.6500244
osm-1052414024,43.31467770272625,-94.2635206471532,2024-06-07,17.460022,24.73999,10.570007,3.0300293,18.892221,68.0,3.4500122
osm-1052414024,43.31467770272625,-94.2635206471532,2024-06-08,18.169983,23.25,13.630005,1.039978,27.296352,70.71002,4.039978
osm-1052414024,43.31467770272625,-94.2635206471532,2024-06-09,17.859985,23.97998,11.5,0.039978027,30.104353,64.69,5.580017
osm-1052414024,43.31467770272625,-94.2635206471532,2024-06-10,17.01001,23.21997,10.0,0.0,28.554337,72.23999,2.6400146
osm-1052414024,43.31467770272625,-94.2635206471532,2024-06-11,20.47998,28.01001,13.549988,0.55999756,28.327103,69.16998,5.0599976
osm-1052414024,43.31467770272625,-94.2635206471532,2024-06-12,23.330017,28.549988,16.359985,6.299988,17.277407,74.20001,5.380005
osm-1052414024,43.31467770272625,-94.2635206471532,2024-06-13,22.309998,27.200012,16.369995,2.1400146,18.868898,72.01001,4.669983
osm-1052414024,43.31467770272625,-94.2635206471532,2024-06-14,20.429993,26.78003,12.710022,0.010009766,28.268353,65.640015,3.460022
osm-1052414024,43.31467770272625,-94.2635206471532,2024-06-15,20.789978,24.830017,16.71997,17.859985,10.275552,80.01001,6.6799927
osm-1052414024,43.31467770272625,-94.2635206471532,2024-06-16,25.78003,30.820007,21.72998,16.28003,27.180578,82.27002,6.169983
osm-1052414024,43.31467770272625,-94.2635206471532,2024-06-17,23.840027,28.679993,20.940002,19.080017,10.557217,88.78998,3.8400269
osm-1052414024,43.31467770272625,-94.2635206471532,2024-06-18,24.099976,28.25,17.590027,12.73999,15.395617,87.619995,8.460022
osm-1052414024,43.31467770272625,-94.2635206471532,2024-06-19,18.0,21.179993,15.190002,2.3200073,18.646849,78.07001,3.9000244
osm-1052414024,43.31467770272625,-94.2635206471532,2024-06-20,18.52002,21.26001,14.75,27.109985,10.420703,89.890015,2.5900269
osm-1052414024,43.31467770272625,-94.2635206471532,2024-06-21,24.52002,29.330017,18.330017,25.359985,15.35587,86.03003,2.7000122
osm-1052414024,43.31467770272625,-94.2635206471532,2024-06-22,24.119995,27.880005,18.099976,60.390015,13.483584,87.48999,5.2700195
osm-1052414024,43.31467770272625,-94.2635206471532,2024-06-23,22.77002,27.96997,15.640015,0.3499756,27.190083,78.04999,2.5499878
osm-1052414024,43.31467770272625,-94.2635206471532,2024-06-24,26.26001,31.080017,20.409973,2.1500244,25.93987,83.859985,6.0700073
osm-1052414024,43.31467770272625,-94.2635206471532,2024-06-25,24.700012,29.22998,19.909973,0.5800171,25.345438,77.859985,4.450012
osm-1052414024,43.31467770272625,-94.2635206471532,2024-06-26,21.570007,25.940002,16.830017,0.27001953,29.420065,76.359985,3.9500122
osm-1052414024,43.31467770272625,-94.2635206471532,2024-06-27,19.809998,24.78003,13.98999,10.590027,11.869633,88.0,4.210022
osm-1052414024,43.31467770272625,-94.2635206471532,2024-06-28,21.799988,26.630005,18.119995,24.820007,9.780481,90.09003,6.48999
osm-1052414024,43.31467770272625,-94.2635206471532,2024-06-29,18.109985,21.289978,12.210022,0.010009766,25.502687,76.82001,5.700012
osm-1052414024,43.31467770272625,-94.2635206471532,2024-06-30,16.619995,22.289978,9.460022,0.0,31.169666,72.51001,2.869995
osm-1052414024,43.31467770272625,-94.2635206471532,2024-07-01,17.119995,20.23999,13.429993,5.1400146,15.538178,76.82001,7.159973
osm-1052414024,43.31467770272625,-94.2635206471532,2024-07-02,19.340027,24.450012,14.580017,17.830017,8.6702385,89.130005,3.9400024
osm-1052414024,43.31467770272625,-94.2635206471532,2024-07-03,22.340027,28.080017,15.51001,1.6699829,27.908066,76.82001,4.01001
osm-1052414024,43.31467770272625,-94.2635206471532,2024-07-04,21.27002,25.710022,16.400024,20.0,15.434498,84.79999,4.419983
osm-1052414024,43.31467770272625,-94.2635206471532,2024-07-05,19.46997,23.080017,15.75,0.85998535,22.352547,81.40997,4.880005
osm-1052414024,43.31467770272625,-94.2635206471532,2024-07-06,20.78003,24.98999,15.880005,4.5,22.926239,79.46997,2.0200195
osm-1052414024,43.31467770272625,-94.2635206471532,2024-07-07,21.330017,25.72998,15.030029,3.75,25.163136,79.67999,2.2800293
osm-1052414024,43.31467770272625,-94.2635206471532,2024-07-08,21.619995,25.5,15.960022,0.4699707,26.853119,76.890015,2.669983
osm-1052414024,43.31467770272625,-94.2635206471532,2024-07-09,23.099976,27.869995,16.890015,1.539978,25.354946,71.19,1.8099976
osm-1052414024,43.31467770272625,-94.2635206471532,2024-07-10,20.840027,24.820007,17.01001,11.119995,19.67933,83.380005,2.580017
osm-1052414024,43.31467770272625,-94.2635206471532,2024-07-11,22.669983,28.309998,16.01001,0.0,27.2808,76.96997,2.0300293
osm-1052414024,43.31467770272625,-94.2635206471532,2024-07-12,23.080017,27.76001,17.0,0.039978027,27.762049,84.150024,4.6400146
osm-1052414024,43.31467770272625,-94.2635206471532,2024-07-13,25.330017,29.659973,20.809998,0.38000488,22.801823,87.26001,3.4799805
osm-1052414024,43.31467770272625,-94.2635206471532,2024-07-14,25.590027,30.359985,20.799988,0.32000732,23.26147,85.66998,2.8200073
osm-1052414024,43.31467770272625,-94.2635206471532,2024-07-15,24.669983,30.580017,19.25,2.6400146,14.592962,86.76001,4.159973
osm-1052414024,43.31467770272625,-94.2635206471532,2024-07-16,20.909973,25.349976,16.330017,0.070007324,23.606207,80.17999,3.4500122
osm-1052414024,43.31467770272625,-94.2635206471532,2024-07-17,18.659973,22.330017,14.710022,0.0,27.494205,75.95001,3.960022
osm-1052414024,43.31467770272625,-94.2635206471532,2024-07-18,19.309998,23.820007,14.659973,0.0,27.132195,70.26001,1.4699707
osm-1052414024,43.31467770272625,-94.2635206471532,2024-07-19,19.940002,25.330017,13.650024,0.15997314,14.712194,78.54999,3.830017
osm-1052414024,43.31467770272625,-94.2635206471532,2024-07-20,21.080017,24.710022,16.23999,3.7600098,16.266531,82.27002,2.2999878
osm-1052414024,43.31467770272625,-94.2635206471532,2024-07-21,21.349976,25.0,16.349976,1.9099731,19.941984,81.75,1.3599854
osm-1052414024,43.31467770272625,-94.2635206471532,2024-07-22,22.46997,26.700012,17.299988,2.4500122,23.658915,82.099976,1.8099976
osm-1052414024,43.31467770272625,-94.2635206471532,2024-07-23,22.650024,27.03003,18.679993,1.3499756,16.019423,85.92999,2.5700073
osm-1052414024,43.31467770272625,-94.2635206471532,2024-07-24,21.309998,25.51001,18.0,4.289978,15.854401,87.09003,2.7800293
osm-1052414024,43.31467770272625,-94.2635206471532,2024-07-25,21.429993,26.650024,15.440002,0.010009766,21.682947,86.25,3.9299927
osm-1052414024,43.31467770272625,-94.2635206471532,2024-07-26,24.169983,30.119995,18.02002,0.049987793,19.655136,82.95001,5.200012
osm-1052414024,43.31467770272625,-94.2635206471532,2024-07-27,25.090027,30.369995,20.570007,0.0,23.676195,77.95001,5.73999
osm-1052414024,43.31467770272625,-94.2635206471532,2024-07-28,24.03003,29.48999,18.140015,3.1400146,23.475746,80.34003,4.6900024
osm-1052414024,43.31467770272625,-94.2635206471532,2024-07-29,24.890015,28.650024,21.02002,2.3499756,24.422688,83.390015,2.0499878
osm-1052414024,43.31467770272625,-94.2635206471532,2024-07-30,25.46997,29.690002,20.919983,0.39001465,19.648222,83.33002,2.3499756
osm-1052414024,43.31467770272625,-94.2635206471532,2024-07-31,26.090027,30.090027,22.900024,15.679993,22.582369,90.66998,3.460022
osm-1052414024,43.31467770272625,-94.2635206471532,2024-08-01,23.0,25.450012,20.070007,12.98999,21.624195,87.84003,3.0
osm-1052414024,43.31467770272625,-94.2635206471532,2024-08-02,24.150024,30.179993,17.53003,0.0,27.318817,80.08002,3.2299805
osm-1052414024,43.31467770272625,-94.2635206471532,2024-08-03,24.580017,30.059998,18.409973,0.070007324,26.306206,77.619995,2.210022
osm-1052414024,43.31467770272625,-94.2635206471532,2024-08-04,23.859985,27.929993,19.039978,0.89001465,9.650882,86.70001,2.6900024
osm-1052414024,43.31467770272625,-94.2635206471532,2024-08-05,24.820007,31.849976,16.700012,9.030029,15.589151,83.900024,4.3099976
osm-1052414024,43.31467770272625,-94.2635206471532,2024-08-06,18.21997,22.570007,13.669983,0.22998047,22.47264,76.56,4.7800293
osm-1052414024,43.31467770272625,-94.2635206471532,2024-08-07,20.25,25.349976,13.48999,0.030029297,17.535746,75.53003,2.5999756
osm-1052414024,43.31467770272625,-94.2635206471532,2024-08-08,17.570007,20.650024,12.51001,0.020019531,24.935904,74.03998,5.3599854
osm-1052414024,43.31467770272625,-94.2635206471532,2024-08-09,15.219971,20.049988,10.409973,0.0,23.383297,73.97998,5.0200195
osm-1052414024,43.31467770272625,-94.2635206471532,2024-08-10,16.460022,21.909973,9.809998,0.0,25.538979,71.28003,3.4699707
osm-1052414024,43.31467770272625,-94.2635206471532,2024-08-11,19.309998,25.080017,13.22998,0.97998047,21.008163,69.81,1.710022
osm-1052414024,43.31467770272625,-94.2635206471532,2024-08-12,18.880005,23.119995,15.669983,1.0200195,14.940287,82.40997,2.1900024
osm-1052414024,43.31467770272625,-94.2635206471532,2024-08-13,20.169983,24.98999,14.309998,0.08001709,18.357407,81.75,3.0999756
osm-1052414024,43.31467770272625,-94.2635206471532,2024-08-14,19.27002,22.25,17.01001,21.890015,5.5321946,89.40997,5.880005
osm-1052414024,43.31467770272625,-94.2635206471532,2024-08-15,21.890015,26.619995,18.320007,2.289978,19.98778,87.07001,4.460022
osm-1052414024,43.31467770272625,-94.2635206471532,2024-08-16,21.26001,24.950012,17.51001,1.1900024,13.4317465,84.92999,6.26001
osm-1052414024,43.31467770272625,-94.2635206471532,2024-08-17,20.619995,24.76001,16.900024,0.28997803,15.29453,85.71002,4.9799805
osm-1052414024,43.31467770272625,-94.2635206471532,2024-08-18,21.650024,26.940002,15.929993,0.0,22.309347,81.849976,2.4799805
osm-1052414024,43.31467770272625,-94.2635206471532,2024-08-19,20.27002,24.96997,15.369995,0.0,23.965633,74.400024,2.3400269
osm-1052414024,43.31467770272625,-94.2635206471532,2024-08-20,19.02002,22.799988,15.789978,1.5599976,9.544605,78.46002,2.4500122
osm-1052414024,43.31467770272625,-94.2635206471532,2024-08-21,18.98999,24.52002,14.840027,0.27001953,21.703682,80.81,4.3200073
osm-1052414024,43.31467770272625,-94.2635206471532,2024-08-22,18.72998,24.73999,13.669983,0.0,16.081633,65.26001,5.630005
osm-1052414024,43.31467770272625,-94.2635206471532,2024-08-23,20.679993,27.710022,14.859985,0.049987793,19.073666,63.580017,4.4000244
osm-1052414024,43.31467770272625,-94.2635206471532,2024-08-24,22.340027,28.73999,15.219971,0.0,19.179935,73.84003,4.2700195
osm-1052414024,43.31467770272625,-94.2635206471532,2024-08-25,26.169983,30.849976,22.150024,0.05999756,15.64013,86.46997,3.5900269
osm-1052414024,43.31467770272625,-94.2635206471532,2024-08-26,27.52002,32.27002,21.900024,1.9500122,21.823778,80.48999,1.4099731
osm-1052414024,43.31467770272625,-94.2635206471532,2024-08-27,22.869995,26.46997,18.340027,1.3099976,13.909535,85.27002,3.0900269
osm-1052414024,43.31467770272625,-94.2635206471532,2024-08-28,22.48999,27.840027,16.900024,0.27001953,21.384,80.72998,2.3499756
osm-1052414024,43.31467770272625,-94.2635206471532,2024-08-29,23.909973,28.659973,17.679993,21.070007,13.441249,86.66998,4.6099854
osm-1052414024,43.31467770272625,-94.2635206471532,2024-08-30,19.349976,24.679993,15.390015,4.0599976,22.765535,75.08002,3.330017
osm-1052414024,43.31467770272625,-94.2635206471532,2024-08-31,20.289978,27.140015,13.179993,0.0,23.131006,70.82001,4.2700195
osm-1052414024,43.31467770272625,-94.2635206471532,2024-09-01,16.98999,21.830017,12.549988,0.0,23.8896,70.98999,3.9299927
osm-1052414024,43.31467770272625,-94.2635206471532,2024-09-02,16.77002,22.869995,10.830017,0.0,22.265282,66.22998,2.9699707
osm-1052414024,43.31467770272625,-94.2635206471532,2024-09-03,17.890015,25.210022,11.559998,0.0,23.468834,59.590027,5.5999756
osm-1052414024,43.31467770272625,-94.2635206471532,2024-09-04,19.900024,27.650024,11.700012,0.0,22.545218,60.76001,6.080017
osm-1052414024,43.31467770272625,-94.2635206471532,2024-09-05,19.22998,24.130005,13.349976,1.5100098,18.70733,73.91998,4.950012
osm-1052414024,43.31467770272625,-94.2635206471532,2024-09-06,15.030029,20.77002,9.659973,0.539978,19.599838,71.77002,3.9299927
osm-1052414024,43.31467770272625,-94.2635206471532,2024-09-07,14.900024,21.869995,7.76001,0.0,20.725634,69.75,1.9500122
osm-1052414024,43.31467770272625,-94.2635206471532,2024-09-08,16.460022,24.309998,9.059998,0.0,20.259935,62.97998,4.049988
osm-1052414024,43.31467770272625,-94.2635206471532,2024-09-09,19.320007,28.119995,11.070007,0.0,19.65427,57.539978,4.7800293
osm-1052414024,43.31467770272625,-94.2635206471532,2024-09-10,20.559998,28.369995,14.820007,0.010009766,11.385795,51.28003,6.9000244
osm-1052414024,43.31467770272625,-94.2635206471532,2024-09-11,20.820007,30.03003,13.869995,0.070007324,19.293983,51.049988,4.409973
osm-1052414024,43.31467770272625,-94.2635206471532,2024-09-12,20.609985,28.22998,14.630005,0.0,18.292606,58.73999,4.6900024
osm-1052414024,43.31467770272625,-94.2635206471532,2024-09-13,19.659973,26.97998,14.340027,0.0,18.044638,63.059998,4.1900024
osm-1052414024,43.31467770272625,-94.2635206471532,2024-09-14,20.77002,26.27002,15.690002,0.72998047,10.126081,77.83002,2.8200073
osm-1052414024,43.31467770272625,-94.2635206471532,2024-09-15,23.48999,30.169983,17.02002,0.030029297,18.259779,73.76001,3.789978
osm-1052414024,43.31467770272625,-94.2635206471532,2024-09-16,23.559998,29.73999,18.400024,0.42999268,17.71373,61.700012,4.3599854
osm-1052414024,43.31467770272625,-94.2635206471532,2024-09-17,23.059998,29.340027,19.71997,0.17999268,14.438303,63.21997,5.7800293
osm-1052414024,43.31467770272625,-94.2635206471532,2024-09-18,22.869995,28.119995,18.609985,5.2199707,8.09827,68.66998,5.830017
osm-1052414024,43.31467770272625,-94.2635206471532,2024-09-19,22.950012,29.619995,17.799988,4.080017,12.347422,72.900024,4.6900024
osm-1052414024,43.31467770272625,-94.2635206471532,2024-09-20,22.140015,29.950012,14.590027,0.0,18.857666,59.099976,3.3099976
osm-1052414024,43.31467770272625,-94.2635206471532,2024-09-21,22.039978,29.880005,16.140015,0.020019531,17.507233,55.369995,5.700012
osm-1052414024,43.31467770272625,-94.2635206471532,2024-09-22,15.23999,20.919983,10.390015,0.0,15.651362,57.77002,4.960022
osm-1052414024,43.31467770272625,-94.2635206471532,2024-09-23,14.210022,21.27002,7.340027,0.0,19.193762,59.580017,3.0599976
osm-1052414024,43.31467770272625,-94.2635206471532,2024-09-24,16.570007,23.159973,10.909973,0.72998047,15.408579,63.26001,2.3200073
osm-1052414024,43.31467770272625,-94.2635206471532,2024-09-25,18.159973,25.700012,10.98999,0.0,18.595871,59.059998,2.25
osm-1052414024,43.31467770272625,-94.2635206471532,2024-09-26,18.909973,27.109985,12.049988,0.0,17.742239,57.059998,3.4500122
osm-1052414024,43.31467770272625,-94.2635206471532,2024-09-27,19.52002,27.880005,13.030029,0.0,18.009216,57.130005,2.4400024
osm-1052414024,43.31467770272625,-94.2635206471532,2024-09-28,20.03003,29.179993,12.460022,0.0,17.827778,60.169983,3.3099976
osm-1052414024,43.31467770272625,-94.2635206471532,2024-09-29,20.26001,29.059998,13.450012,0.0,17.37072,61.5,2.8900146
osm-1052414024,43.31467770272625,-94.2635206471532,2024-09-30,19.71997,29.640015,12.97998,0.0,16.504995,55.859985,6.8099976
osm-1052414024,43.31467770272625,-94.2635206471532,2024-10-01,13.119995,19.299988,7.169983,0.0,16.771103,43.619995,4.3900146
osm-1052414024,43.31467770272625,-94.2635206471532,2024-10-02,16.090027,25.549988,8.700012,0.0,17.001795,39.580017,6.799988
osm-1052414024,43.31467770272625,-94.2635206471532,2024-10-03,15.049988,22.669983,10.080017,0.0,14.333762,58.419983,5.2700195
osm-1052414024,43.31467770272625,-94.2635206471532,2024-10-04,13.859985,22.130005,6.5200195,0.0,16.931807,52.27002,4.23999
osm-1052414024,43.31467770272625,-94.2635206471532,2024-10-05,17.340027,28.940002,10.679993,0.0,14.6819515,61.409973,6.7299805
osm-1052414024,43.31467770272625,-94.2635206471532,2024-10-06,12.349976,18.5,6.8599854,0.0,17.30333,45.25,6.080017
osm-1052414024,43.31467770272625,-94.2635206471532,2024-10-07,12.570007,19.869995,5.3900146,0.0,16.264801,45.46997,2.0200195
osm-1052414024,43.31467770272625,-94.2635206471532,2024-10-08,15.340027,25.369995,7.380005,0.0,15.213314,44.96997,2.6599731
osm-1052414024,43.31467770272625,-94.2635206471532,2024-10-09,15.73999,25.96997,8.409973,0.0,14.811552,55.669983,2.5900269
osm-1052414024,43.31467770272625,-94.2635206471532,2024-10-10,17.409973,27.700012,8.780029,0.0,14.8841305,54.51001,4.2800293
osm-1052414024,43.31467770272625,-94.2635206471532,2024-10-11,17.01001,24.01001,12.25,0.0,11.980222,52.929993,4.789978
osm-1052414024,43.31467770272625,-94.2635206471532,2024-10-12,12.859985,18.72998,8.0,0.010009766,7.7448974,68.869995,3.0999756
osm-1052414024,43.31467770272625,-94.2635206471532,2024-10-13,9.47998,13.940002,6.119995,0.0,13.973471,58.789978,8.200012
osm-1052414024,43.31467770272625,-94.2635206471532,2024-10-14,6.0700073,11.440002,1.539978,0.010009766,7.1478705,63.609985,3.0999756
osm-1052414024,43.31467770272625,-94.2635206471532,2024-10-15,5.7700195,12.48999,0.5999756,0.0,15.507071,63.340027,3.380005
osm-1052414024,43.31467770272625,-94.2635206471532,2024-10-16,7.380005,15.940002,-0.6199951,0.0,15.751584,46.52002,5.419983
osm-1052414024,43.31467770272625,-94.2635206471532,2024-10-17,12.140015,21.640015,4.630005,0.0,14.696638,37.400024,9.75
osm-1052414024,43.31467770272625,-94.2635206471532,2024-10-18,15.090027,23.53003,7.700012,0.10998535,13.760065,43.559998,7.6500244
osm-1052414024,43.31467770272625,-94.2635206471532,2024-10-19,16.75,23.890015,10.940002,0.0,8.582978,54.450012,4.8900146
osm-1052414024,43.31467770272625,-94.2635206471532,2024-10-20,19.51001,27.78003,13.419983,0.0,13.06973,59.390015,6.330017
osm-1052414024,43.31467770272625,-94.2635206471532,2024-10-21,18.75,26.119995,13.820007,0.0,10.115714,42.429993,5.669983
osm-1052414024,43.31467770272625,-94.2635206471532,2024-10-22,17.23999,23.679993,11.73999,0.010009766,12.473568,52.72998,5.5
osm-1052414024,43.31467770272625,-94.2635206471532,2024-10-23,10.01001,15.659973,5.4699707,0.0,14.342401,50.450012,4.26001
osm-1052414024,43.31467770272625,-94.2635206471532,2024-10-24,10.710022,17.309998,5.130005,1.3300171,7.382016,52.390015,5.090027
osm-1052414024,43.31467770272625,-94.2635206471532,2024-10-25,8.75,15.01001,3.7600098,0.0,13.124163,66.33002,4.75
osm-1052414024,43.31467770272625,-94.2635206471532,2024-10-26,8.700012,16.409973,2.9099731,0.0,11.895552,45.669983,3.539978
osm-1052414024,43.31467770272625,-94.2635206471532,2024-10-27,11.140015,19.909973,4.25,0.0,12.116735,43.02002,6.7299805
osm-1052414024,43.31467770272625,-94.2635206471532,2024-10-28,16.190002,23.159973,10.549988,0.0,10.342946,72.02002,6.9699707
osm-1052414024,43.31467770272625,-94.2635206471532,2024-10-29,19.890015,26.090027,12.380005,0.0,9.856514,70.5,6.159973
osm-1052414024,43.31467770272625,-94.2635206471532,2024-10-30,13.719971,22.76001,7.840027,14.539978,3.4119353,77.15997,6.4299927
osm-1052414024,43.31467770272625,-94.2635206471532,2024-10-31,3.380005,7.75,-0.9699707,8.330017,5.932222,77.57001,7.630005
osm-1052414024,43.31467770272625,-94.2635206471532,2024-11-01,4.5300293,12.789978,-1.1699829,0.0,9.065951,64.28998,3.5999756
osm-1052414024,43.31467770272625,-94.2635206471532,2024-11-02,8.169983,16.349976,1.9699707,1.2600098,8.409314,70.94,4.840027
osm-1052414024,43.31467770272625,-94.2635206471532,2024-11-03,9.349976,12.450012,6.909973,3.7600098,2.4684486,92.75,5.5599976
osm-1052414024,43.31467770272625,-94.2635206471532,2024-11-04,11.349976,14.73999,6.710022,11.030029,3.805919,84.21002,4.4400024
osm-1052414024,43.31467770272625,-94.2635206471532,2024-11-05,5.1799927,8.390015,1.539978,9.539978,3.5717783,90.20001,4.8599854
osm-1052414024,43.31467770272625,-94.2635206471532,2024-11-06,5.5599976,11.830017,1.2399902,0.08001709,8.331552,77.03003,1.5999756
osm-1052414024,43.31467770272625,-94.2635206471532,2024-11-07,5.3599854,12.640015,0.099975586,0.0,10.609055,74.94,3.9400024
osm-1052414024,43.31467770272625,-94.2635206471532,2024-11-08,6.5599976,13.549988,1.4199829,0.0,10.265184,74.130005,3.3099976
osm-1052414024,43.31467770272625,-94.2635206471532,2024-11-09,8.030029,11.820007,5.1500244,1.8400269,3.1821136,80.95001,6.1799927
osm-1052414024,43.31467770272625,-94.2635206471532,2024-11-10,9.200012,13.72998,6.6500244,3.119995,5.7386866,85.44,4.5999756
osm-1052414024,43.31467770272625,-94.2635206471532,2024-11-11,3.869995,8.630005,-0.34002686,0.020019531,10.73693,73.119995,5.830017
osm-1052414024,43.31467770272625,-94.2635206471532,2024-11-12,3.4299927,10.27002,-1.8699951,0.0,10.429346,73.52002,6.9000244
osm-1052414024,43.31467770272625,-94.2635206471532,2024-11-13,4.2299805,7.159973,1.8900146,9.049988,1.939681,92.869995,4.919983
osm-1052414024,43.31467770272625,-94.2635206471532,2024-11-14,5.1400146,9.380005,1.0,0.039978027,3.7091515,86.90997,3.4000244
osm-1052414024,43.31467770272625,-94.2635206471532,2024-11-15,5.5999756,14.690002,-1.210022,0.0,8.836995,80.44,4.299988
osm-1052414024,43.31467770272625,-94.2635206471532,2024-11-16,9.539978,15.719971,4.549988,0.0,8.5596485,77.619995,9.169983
osm-1052414024,43.31467770272625,-94.2635206471532,2024-11-17,6.460022,13.630005,1.0999756,0.0,9.724319,70.53003,4.200012
osm-1052414024,43.31467770272625,-94.2635206471532,2024-11-18,7.1400146,14.710022,0.9699707,30.77002,3.0386865,94.28998,6.0
osm-1052414024,43.31467770272625,-94.2635206471532,2024-11-19,7.6400146,12.51001,1.7399902,0.72998047,3.6668162,77.08002,8.900024
osm-1052414024,43.31467770272625,-94.2635206471532,2024-11-20,-1.0200195,1.0,-3.8200073,0.5800171,3.1233623,68.71002,9.909973
osm-1052414024,43.31467770272625,-94.2635206471532,2024-11-21,-1.6799927,3.1400146,-4.0,0.010009766,8.119005,76.27002,8.940002
osm-1052414024,43.31467770272625,-94.2635206471532,2024-11-22,-0.9000244,4.01001,-4.380005,0.0,7.9876814,79.28003,3.1900024
osm-1052414024,43.31467770272625,-94.2635206471532,2024-11-23,2.1099854,6.830017,-1.6699829,0.0,6.950881,78.099976,2.869995
osm-1052414024,43.31467770272625,-94.2635206471532,2024-11-24,3.169983,6.380005,0.6300049,0.020019531,3.0697947,85.22998,4.51001
osm-1052414024,43.31467770272625,-94.2635206471532,2024-11-25,-2.4400024,2.0900269,-6.0,0.039978027,9.001152,68.73999,7.450012
osm-1052414024,43.31467770272625,-94.2635206471532,2024-11-26,-3.080017,2.2700195,-6.0599976,0.0,8.322914,74.150024,2.0599976
osm-1052414024,43.31467770272625,-94.2635206471532,2024-11-27,-3.4899902,-1.039978,-4.6799927,0.010009766,5.820768,76.31,5.5
osm-1052414024,43.31467770272625,-94.2635206471532,2024-11-28,-6.4400024,-3.7999878,-11.219971,0.010009766,2.898719,72.28003,6.869995
osm-1052414024,43.31467770272625,-94.2635206471532,2024-11-29,-10.590027,-6.419983,-13.039978,0.0,9.315649,64.21002,6.039978
osm-1052414024,43.31467770272625,-94.2635206471532,2024-11-30,-10.450012,-6.4699707,-13.640015,0.0,8.125919,64.03998,4.7700195
osm-1052414024,43.31467770272625,-94.2635206471532,2024-12-01,-9.619995,-5.700012,-14.099976,0.13000488,8.868962,73.130005,3.6900024
osm-1052414024,43.31467770272625,-94.2635206471532,2024-12-02,-7.3599854,-5.0,-10.099976,0.4000244,6.8212814,78.17999,4.73999
osm-1052414024,43.31467770272625,-94.2635206471532,2024-12-03,-5.549988,0.38000488,-10.72998,0.0,6.918914,78.06,6.049988
osm-1052414024,43.31467770272625,-94.2635206471532,2024-12-04,-5.549988,1.9299927,-12.869995,0.0,5.698081,72.92999,11.349976
osm-1052414024,43.31467770272625,-94.2635206471532,2024-12-05,-10.789978,-6.9299927,-14.049988,0.0,8.451649,69.58002,5.340027
osm-1052414024,43.31467770272625,-94.2635206471532,2024-12-06,-4.200012,3.75,-9.900024,0.0,7.7492166,72.06,4.380005
osm-1052414024,43.31467770272625,-94.2635206471532,2024-12-07,0.73999023,5.210022,-2.669983,0.0,7.093438,82.95001,6.1400146
osm-1052414024,43.31467770272625,-94.2635206471532,2024-12-08,2.9000244,9.169983,-0.26000977,0.0,5.4129624,86.21997,4.5300293
osm-1052414024,43.31467770272625,-94.2635206471532,2024-12-09,0.17999268,5.7299805,-3.960022,0.0,5.2652164,75.349976,8.169983
osm-1052414024,43.31467770272625,-94.2635206471532,2024-12-10,-2.580017,1.2800293,-5.119995,0.11999512,2.6732163,70.72998,4.6500244
osm-1052414024,43.31467770272625,-94.2635206471532,2024-12-11,-11.900024,-3.9099731,-17.559998,0.10998535,6.488638,64.71002,8.23999
osm-1052414024,43.31467770272625,-94.2635206471532,2024-12-12,-15.880005,-12.51001,-18.359985,0.0,3.322946,64.02002,2.7999878
osm-1052414024,43.31467770272625,-94.2635206471532,2024-12-13,-11.869995,-7.460022,-16.559998,0.070007324,4.985281,62.27002,6.590027
osm-1052414024,43.31467770272625,-94.2635206471532,2024-12-14,-4.0700073,-1.8200073,-7.8499756,0.5499878,1.1067839,89.72998,5.590027
osm-1052414024,43.31467770272625,-94.2635206471532,2024-12-15,-0.3300171,2.630005,-2.619995,0.10998535,2.5824974,94.08002,4.8099976
osm-1052414024,43.31467770272625,-94.2635206471532,2024-12-16,0.35998535,5.76001,-2.8900146,0.039978027,7.356962,82.640015,6.710022
osm-1052414024,43.31467770272625,-94.2635206471532,2024-12-17,-3.5900269,-2.5300293,-4.580017,4.5200195,2.0191677,82.78998,3.1900024
osm-1052414024,43.31467770272625,-94.2635206471532,2024-12-18,-6.710022,-2.9500122,-10.119995,0.10998535,2.3535352,75.0,4.169983
osm-1052414024,43.31467770272625,-94.2635206471532,2024-12-19,-4.7700195,0.22998047,-7.299988,3.1599731,2.3863676,87.94,8.219971
osm-1052414024,43.31467770272625,-94.2635206471532,2024-12-20,-9.090027,-6.4400024,-11.51001,0.05999756,3.5709136,76.72998,5.210022
osm-1052414024,43.31467770272625,-94.2635206471532,2024-12-21,-8.950012,-3.1799927,-13.960022,0.0,2.372546,81.44,4.630005
osm-1052414024,43.31467770272625,-94.2635206471532,2024-12-22,-2.9500122,1.4500122,-8.159973,0.0,2.5989134,92.369995,6.659973
osm-1052414024,43.31467770272625,-94.2635206471532,2024-12-23,-2.0300293,0.55999756,-4.6500244,0.010009766,3.301346,93.27002,4.669983
osm-1052414024,43.31467770272625,-94.2635206471532,2024-12-24,-2.880005,1.039978,-5.0300293,0.020019531,1.7038056,93.84003,2.5499878
osm-1052414024,43.31467770272625,-94.2635206471532,2024-12-25,-1.1699829,1.5900269,-3.4000244,0.020019531,2.5557137,92.900024,4.5700073
osm-1052414024,43.31467770272625,-94.2635206471532,2024-12-26,0.51000977,2.080017,-1.1099854,0.4699707,2.7984974,97.46997,4.6900024
osm-1052414024,43.31467770272625,-94.2635206471532,2024-12-27,1.789978,3.080017,1.0499878,11.299988,2.121119,98.47998,3.0599976
osm-1052414024,43.31467770272625,-94.2635206471532,2024-12-28,1.5100098,5.8499756,-0.59002686,0.049987793,7.8338866,95.34003,4.0999756
osm-1052414024,43.31467770272625,-94.2635206471532,2024-12-29,0.7199707,3.4799805,-1.0,0.15002441,3.6754541,95.109985,2.080017
osm-1052414024,43.31467770272625,-94.2635206471532,2024-12-30,0.0,2.4799805,-1.4099731,0.90997314,1.8930217,96.400024,3.2399902
osm-1052414024,43.31467770272625,-94.2635206471532,2024-12-31,-2.369995,-0.3499756,-4.26001,0.010009766,2.2299838,71.46002,8.179993
osm-1360326432,43.24967591058911,-94.17224829650412,2024-01-01,-5.210022,-0.05999756,-9.780029,0.0,6.9552,81.07001,3.6799927
osm-1360326432,43.24967591058911,-94.17224829650412,2024-01-02,-2.6400146,3.2299805,-5.840027,0.0,3.8154218,90.77002,4.2700195
osm-1360326432,43.24967591058911,-94.17224829650412,2024-01-03,-3.4899902,1.6900024,-7.200012,0.0,2.9764812,82.72998,4.0200195
osm-1360326432,43.24967591058911,-94.17224829650412,2024-01-04,-4.630005,-0.21002197,-7.960022,0.0,3.3454056,79.83002,2.3099976
osm-1360326432,43.24967591058911,-94.17224829650412,2024-01-05,-2.2600098,1.2299805,-5.330017,0.0,5.1572165,83.75,3.6400146
osm-1360326432,43.24967591058911,-94.17224829650412,2024-01-06,-2.1900024,0.8200073,-4.630005,0.049987793,2.1479027,89.02002,3.1599731
osm-1360326432,43.24967591058911,-94.17224829650412,2024-01-07,-4.0999756,-1.0499878,-6.8099976,0.049987793,6.627746,76.390015,3.5700073
osm-1360326432,43.24967591058911,-94.17224829650412,2024-01-08,-2.539978,-0.2199707,-4.669983,2.369995,3.1821136,86.32001,5.9699707
osm-1360326432,43.24967591058911,-94.17224829650412,2024-01-09,-3.2199707,-0.9000244,-9.0,3.3200073,2.9790704,88.66998,8.599976
osm-1360326432,43.24967591058911,-94.17224829650412,2024-01-10,-5.7700195,-0.8300171,-9.380005,3.669983,2.164319,84.51001,4.0200195
osm-1360326432,43.24967591058911,-94.17224829650412,2024-01-11,-10.119995,-6.950012,-12.179993,0.9000244,4.2880325,79.44,5.0700073
osm-1360326432,43.24967591058911,-94.17224829650412,2024-01-12,-12.539978,-11.75,-13.429993,4.119995,3.913919,84.650024,11.51001
osm-1360326432,43.24967591058911,-94.17224829650412,2024-01-13,-19.890015,-13.76001,-24.569946,0.6199951,3.8508487,80.32001,11.380005
osm-1360326432,43.24967591058911,-94.17224829650412,2024-01-14,-23.440002,-17.960022,-27.349976,0.070007324,6.8808975,82.16998,6.710022
osm-1360326432,43.24967591058911,-94.17224829650412,2024-01-15,-22.72998,-16.98999,-27.800049,0.0,6.7953625,84.42999,6.4000244
osm-1360326432,43.24967591058911,-94.17224829650412,2024-01-16,-20.75,-14.039978,-26.430054,0.0,6.249314,84.08002,7.130005
osm-1360326432,43.24967591058911,-94.17224829650412,2024-01-17,-14.719971,-8.710022,-21.679993,0.0,4.891103,80.84003,4.1500244
osm-1360326432,43.24967591058911,-94.17224829650412,2024-01-18,-14.190002,-11.929993,-17.25,5.580017,5.6194544,86.23999,5.3099976
osm-1360326432,43.24967591058911,-94.17224829650412,2024-01-19,-18.359985,-15.219971,-24.150024,0.05999756,8.577795,85.359985,6.289978
osm-1360326432,43.24967591058911,-94.17224829650412,2024-01-20,-20.119995,-12.929993,-25.140015,0.0,7.1280003,91.32001,3.7600098
osm-1360326432,43.24967591058911,-94.17224829650412,2024-01-21,-12.549988,-5.9799805,-19.909973,0.0,4.978368,90.23999,8.669983
osm-1360326432,43.24967591058911,-94.17224829650412,2024-01-22,-2.3099976,0.4000244,-6.01001,0.070007324,7.2403193,93.56,4.7299805
osm-1360326432,43.24967591058911,-94.17224829650412,2024-01-23,-2.4000244,0.40997314,-4.200012,0.090026855,3.0818865,96.92999,2.8900146
osm-1360326432,43.24967591058911,-94.17224829650412,2024-01-24,-0.52001953,1.5,-3.6099854,0.090026855,4.4513297,95.53998,2.4299927
osm-1360326432,43.24967591058911,-94.17224829650412,2024-01-25,0.39001465,2.210022,-1.1199951,1.2399902,4.2050867,94.28003,1.25
osm-1360326432,43.24967591058911,-94.17224829650412,2024-01-26,0.010009766,3.0499878,-2.5900269,1.4899902,3.4162543,95.34003,2.8599854
osm-1360326432,43.24967591058911,-94.17224829650412,2024-01-27,-1.9299927,2.3200073,-3.9000244,0.039978027,5.1140165,94.16998,3.0599976
osm-1360326432,43.24967591058911,-94.17224829650412,2024-01-28,-0.94000244,4.659973,-3.580017,0.0,7.9738545,92.25,3.0900269
osm-1360326432,43.24967591058911,-94.17224829650412,2024-01-29,1.5700073,8.799988,-2.5999756,0.010009766,10.112254,92.099976,5.5300293
osm-1360326432,43.24967591058911,-94.17224829650412,2024-01-30,0.539978,5.8900146,-2.6799927,0.0,5.1183352,89.630005,4.840027
osm-1360326432,43.24967591058911,-94.17224829650412,2024-01-31,2.6900024,11.080017,-2.4899902,0.0,10.414655,90.92999,5.0300293
osm-1360326432,43.24967591058911,-94.17224829650412,2024-02-01,3.669983,12.580017,-0.64001465,0.010009766,10.490686,87.34003,3.9799805
osm-1360326432,43.24967591058911,-94.17224829650412,2024-02-02,1.5100098,7.549988,-1.6799927,0.0,7.1064,85.94,6.8900146
osm-1360326432,43.24967591058911,-94.17224829650412,2024-02-03,1.0300293,6.8900146,-1.7199707,0.0,6.6502056,86.869995,5.960022
osm-1360326432,43.24967591058911,-94.17224829650412,2024-02-04,0.65997314,7.9299927,-2.5599976,0.0,8.894016,80.59003,4.1400146
osm-1360326432,43.24967591058911,-94.17224829650412,2024-02-05,2.580017,9.5,-2.169983,0.0,8.863778,71.02002,2.0200195
osm-1360326432,43.24967591058911,-94.17224829650412,2024-02-06,3.1099854,10.98999,-1.8300171,0.0,8.741952,71.71997,4.710022
osm-1360326432,43.24967591058911,-94.17224829650412,2024-02-07,6.3099976,10.48999,2.4899902,0.0,5.102784,76.23999,8.679993
osm-1360326432,43.24967591058911,-94.17224829650412,2024-02-08,5.6799927,11.599976,0.010009766,0.6500244,3.4145298,84.31,10.099976
osm-1360326432,43.24967591058911,-94.17224829650412,2024-02-09,-0.099975586,4.460022,-3.4099731,0.010009766,4.950719,80.359985,6.130005
osm-1360326432,43.24967591058911,-94.17224829650412,2024-02-10,-1.3900146,3.3099976,-3.6799927,0.0,9.125567,74.19,4.3900146
osm-1360326432,43.24967591058911,-94.17224829650412,2024-02-11,-0.73999023,4.48999,-3.460022,0.0,12.686978,73.609985,3.3599854
osm-1360326432,43.24967591058911,-94.17224829650412,2024-02-12,0.16998291,7.659973,-3.6400146,0.0,13.346206,74.349976,4.340027
osm-1360326432,43.24967591058911,-94.17224829650412,2024-02-13,0.34002686,6.039978,-3.3900146,0.0,12.475298,74.83002,1.9099731
osm-1360326432,43.24967591058911,-94.17224829650412,2024-02-14,1.3200073,7.880005,-2.9699707,2.6099854,7.418303,82.599976,4.0300293
osm-1360326432,43.24967591058911,-94.17224829650412,2024-02-15,-2.4799805,2.169983,-6.0599976,0.099975586,13.189822,64.90997,5.4699707
osm-1360326432,43.24967591058911,-94.17224829650412,2024-02-16,-5.830017,-3.4000244,-10.469971,0.14001465,6.562946,58.52002,6.73999
osm-1360326432,43.24967591058911,-94.17224829650412,2024-02-17,-6.289978,0.15002441,-13.289978,0.0,13.766978,63.070007,8.669983
osm-1360326432,43.24967591058911,-94.17224829650412,2024-02-18,-1.1199951,5.200012,-6.919983,0.0,14.866849,66.859985,3.869995
osm-1360326432,43.24967591058911,-94.17224829650412,2024-02-19,1.6900024,11.01001,-3.9099731,0.010009766,13.312513,71.5,5.039978
osm-1360326432,43.24967591058911,-94.17224829650412,2024-02-20,3.169983,11.5,-2.710022,0.0,14.141087,76.41998,3.7800293
osm-1360326432,43.24967591058911,-94.17224829650412,2024-02-21,4.409973,10.210022,-1.7199707,0.0,9.573119,67.51001,2.4299927
osm-1360326432,43.24967591058911,-94.17224829650412,2024-02-22,5.450012,13.450012,-0.5800171,0.0,14.396832,67.96002,4.919983
osm-1360326432,43.24967591058911,-94.17224829650412,2024-02-23,0.9500122,7.9400024,-4.6400146,0.0,10.234946,80.56,6.580017
osm-1360326432,43.24967591058911,-94.17224829650412,2024-02-24,1.0700073,9.210022,-5.1500244,0.0,14.762303,70.29999,5.1099854
osm-1360326432,43.24967591058911,-94.17224829650412,2024-02-25,5.330017,13.080017,-0.26000977,0.0,13.042082,67.77002,4.5200195
osm-1360326432,43.24967591058911,-94.17224829650412,2024-02-26,8.22998,21.150024,-1.5300293,0.0,14.966206,60.099976,5.880005
osm-1360326432,43.24967591058911,-94.17224829650412,2024-02-27,-0.5499878,8.51001,-10.179993,0.22998047,7.64813,64.21997,10.469971
osm-1360326432,43.24967591058911,-94.17224829650412,2024-02-28,-8.309998,-2.9000244,-12.640015,0.0,16.889471,52.440002,7.4000244
osm-1360326432,43.24967591058911,-94.17224829650412,2024-02-29,1.6699829,12.450012,-7.48999,0.0,16.435005,55.179993,8.369995
osm-1360326432,43.24967591058911,-94.17224829650412,2024-03-01,4.700012,12.820007,-1.1599731,0.0,16.177536,72.96002,8.390015
osm-1360326432,43.24967591058911,-94.17224829650412,2024-03-02,7.4299927,17.960022,0.42999268,0.010009766,13.684032,78.41998,7.539978
osm-1360326432,43.24967591058911,-94.17224829650412,2024-03-03,10.710022,20.27002,1.8699951,0.010009766,16.382303,69.78998,8.940002
osm-1360326432,43.24967591058911,-94.17224829650412,2024-03-04,2.7800293,6.9699707,-3.080017,0.13000488,4.497984,64.45001,5.909973
osm-1360326432,43.24967591058911,-94.17224829650412,2024-03-05,3.1500244,10.47998,-4.6900024,0.0,16.465248,57.900024,2.8400269
osm-1360326432,43.24967591058911,-94.17224829650412,2024-03-06,5.4799805,14.01001,-2.330017,0.0,15.939936,52.320007,5.3900146
osm-1360326432,43.24967591058911,-94.17224829650412,2024-03-07,5.700012,13.359985,-0.090026855,0.26000977,11.247552,66.28998,5.0999756
osm-1360326432,43.24967591058911,-94.17224829650412,2024-03-08,0.090026855,5.710022,-4.330017,0.23999023,14.631838,58.859985,8.369995
osm-1360326432,43.24967591058911,-94.17224829650412,2024-03-09,-0.7999878,5.7700195,-5.23999,0.0,18.995039,58.52002,5.51001
osm-1360326432,43.24967591058911,-94.17224829650412,2024-03-10,3.869995,12.5,-3.4899902,0.0,17.928865,49.799988,4.330017
osm-1360326432,43.24967591058911,-94.17224829650412,2024-03-11,10.76001,22.26001,0.15002441,0.0,17.211746,61.52002,6.409973
osm-1360326432,43.24967591058911,-94.17224829650412,2024-03-12,11.119995,18.440002,5.2199707,0.0,17.35258,54.76001,3.8200073
osm-1360326432,43.24967591058911,-94.17224829650412,2024-03-13,11.039978,19.049988,2.7999878,6.6099854,14.791681,62.039978,4.3099976
osm-1360326432,43.24967591058911,-94.17224829650412,2024-03-14,9.179993,12.52002,4.919983,7.5,5.01293,74.48999,7.0200195
osm-1360326432,43.24967591058911,-94.17224829650412,2024-03-15,5.710022,12.440002,-0.46002197,0.05999756,16.556833,68.94,5.200012
osm-1360326432,43.24967591058911,-94.17224829650412,2024-03-16,5.119995,10.530029,-0.32000732,0.0,14.231806,55.690002,8.340027
osm-1360326432,43.24967591058911,-94.17224829650412,2024-03-17,-3.2399902,-0.15002441,-6.5200195,0.010009766,15.832801,56.590027,8.559998
osm-1360326432,43.24967591058911,-94.17224829650412,2024-03-18,-2.5599976,2.789978,-6.76001,0.010009766,18.850752,49.929993,5.5599976
osm-1360326432,43.24967591058911,-94.17224829650412,2024-03-19,5.1099854,14.52002,-1.8800049,0.0,19.98778,55.700012,7.3900146
osm-1360326432,43.24967591058911,-94.17224829650412,2024-03-20,-1.5800171,3.0700073,-5.950012,0.0,21.246622,43.849976,5.6400146
osm-1360326432,43.24967591058911,-94.17224829650412,2024-03-21,0.2000122,4.0200195,-4.409973,0.2000122,10.655714,54.130005,3.789978
osm-1360326432,43.24967591058911,-94.17224829650412,2024-03-22,-0.89001465,3.5999756,-5.23999,1.6300049,7.159968,70.71002,6.1799927
osm-1360326432,43.24967591058911,-94.17224829650412,2024-03-23,-2.039978,3.1500244,-6.3900146,2.1099854,12.997151,62.46997,3.619995
osm-1360326432,43.24967591058911,-94.17224829650412,2024-03-24,-0.090026855,2.8900146,-3.8599854,24.950012,2.9220488,90.26001,7.51001
osm-1360326432,43.24967591058911,-94.17224829650412,2024-03-25,5.9400024,11.679993,1.6799927,20.690002,4.3217297,93.71997,4.6400146
osm-1360326432,43.24967591058911,-94.17224829650412,2024-03-26,-3.2299805,0.5700073,-6.8599854,1.6900024,9.216287,80.54999,10.330017
osm-1360326432,43.24967591058911,-94.17224829650412,2024-03-27,-3.8099976,1.9899902,-8.630005,0.0,19.648222,68.28998,5.710022
osm-1360326432,43.24967591058911,-94.17224829650412,2024-03-28,0.30999756,7.98999,-5.659973,0.0,21.510147,66.79999,3.1400146
osm-1360326432,43.24967591058911,-94.17224829650412,2024-03-29,7.130005,16.929993,-1.4699707,0.010009766,15.520898,71.67999,5.880005
osm-1360326432,43.24967591058911,-94.17224829650412,2024-03-30,6.26001,12.22998,0.2000122,0.020019531,20.377438,71.140015,5.6400146
osm-1360326432,43.24967591058911,-94.17224829650412,2024-03-31,5.039978,10.580017,0.64001465,0.59002686,5.2427516,79.08002,4.2700195
osm-1360326432,43.24967591058911,-94.17224829650412,2024-04-01,4.0700073,7.0700073,1.9899902,8.429993,1.9621459,88.56,7.210022
osm-1360326432,43.24967591058911,-94.17224829650412,2024-04-02,4.5599976,9.73999,0.40997314,1.7399902,11.594016,74.32001,8.580017
osm-1360326432,43.24967591058911,-94.17224829650412,2024-04-03,4.6500244,11.539978,-0.15002441,0.13000488,22.685184,59.96997,11.169983
osm-1360326432,43.24967591058911,-94.17224829650412,2024-04-04,4.5200195,12.27002,-2.630005,0.0,23.857634,66.72998,6.0700073
osm-1360326432,43.24967591058911,-94.17224829650412,2024-04-05,6.409973,14.25,-0.7000122,0.0,22.553854,63.789978,3.7999878
osm-1360326432,43.24967591058911,-94.17224829650412,2024-04-06,7.919983,15.080017,0.73999023,1.039978,23.171618,58.099976,10.869995
osm-1360326432,43.24967591058911,-94.17224829650412,2024-04-07,8.299988,14.359985,4.299988,9.02002,3.7497623,80.79999,8.109985
osm-1360326432,43.24967591058911,-94.17224829650412,2024-04-08,9.76001,15.820007,4.2700195,0.15997314,11.390979,73.03998,7.080017
osm-1360326432,43.24967591058911,-94.17224829650412,2024-04-09,9.72998,17.580017,1.6400146,0.0,21.828098,67.109985,5.48999
osm-1360326432,43.24967591058911,-94.17224829650412,2024-04-10,12.859985,21.21997,4.549988,0.16998291,18.607103,57.150024,4.830017
osm-1360326432,43.24967591058911,-94.17224829650412,2024-04-11,8.859985,12.890015,4.549988,1.460022,11.619071,70.28998,8.76001
osm-1360326432,43.24967591058911,-94.17224829650412,2024-04-12,10.369995,16.97998,2.8200073,0.0,25.488865,58.940002,6.01001
osm-1360326432,43.24967591058911,-94.17224829650412,2024-04-13,16.190002,27.619995,4.549988,0.0,23.35392,56.47998,6.659973
osm-1360326432,43.24967591058911,-94.17224829650412,2024-04-14,17.090027,25.330017,10.340027,0.0,25.169184,57.700012,5.2800293
osm-1360326432,43.24967591058911,-94.17224829650412,2024-04-15,16.690002,25.51001,7.289978,0.0,25.176962,47.840027,6.6400146
osm-1360326432,43.24967591058911,-94.17224829650412,2024-04-16,15.289978,23.369995,10.909973,30.369995,8.225282,76.69,9.72998
osm-1360326432,43.24967591058911,-94.17224829650412,2024-04-17,12.159973,18.700012,8.039978,0.2800293,16.916254,68.400024,7.869995
osm-1360326432,43.24967591058911,-94.17224829650412,2024-04-18,7.659973,12.900024,1.5599976,15.150024,18.447266,64.33002,6.7299805
osm-1360326432,43.24967591058911,-94.17224829650412,2024-04-19,3.7299805,9.030029,-1.2199707,0.049987793,21.758114,53.179993,8.5
osm-1360326432,43.24967591058911,-94.17224829650412,2024-04-20,3.169983,9.659973,-2.880005,0.010009766,15.545087,61.5,6.1400146
osm-1360326432,43.24967591058911,-94.17224829650412,2024-04-21,7.0200195,16.099976,-2.7700195,0.0,27.086401,54.96997,4.4699707
osm-1360326432,43.24967591058911,-94.17224829650412,2024-04-22,10.590027,19.340027,2.369995,0.039978027,16.314915,60.900024,7.630005
osm-1360326432,43.24967591058911,-94.17224829650412,2024-04-23,11.349976,16.940002,6.2199707,0.0,21.689856,59.73999,6.880005
osm-1360326432,43.24967591058911,-94.17224829650412,2024-04-24,10.780029,18.330017,2.4799805,0.0,26.92224,63.039978,2.6799927
osm-1360326432,43.24967591058911,-94.17224829650412,2024-04-25,13.280029,20.409973,7.6099854,1.1599731,22.927969,60.25,7.5200195
osm-1360326432,43.24967591058911,-94.17224829650412,2024-04-26,12.330017,17.400024,8.669983,14.349976,6.48,83.06,10.640015
osm-1360326432,43.24967591058911,-94.17224829650412,2024-04-27,15.219971,20.669983,11.159973,0.15002441,8.332417,77.0,5.5
osm-1360326432,43.24967591058911,-94.17224829650412,2024-04-28,13.210022,18.809998,10.099976,17.27002,5.2401624,85.28998,6.01001
osm-1360326432,43.24967591058911,-94.17224829650412,2024-04-29,9.840027,14.320007,4.830017,0.15997314,9.921313,71.95001,6.3499756
osm-1360326432,43.24967591058911,-94.17224829650412,2024-04-30,14.929993,24.840027,4.8499756,11.73999,12.475298,70.96002,6.2700195
osm-1360326432,43.24967591058911,-94.17224829650412,2024-05-01,12.77002,19.97998,6.01001,7.7199707,18.4464,63.049988,4.700012
osm-1360326432,43.24967591058911,-94.17224829650412,2024-05-02,11.909973,15.969971,8.190002,26.96997,10.615103,82.72998,5.1099854
osm-1360326432,43.24967591058911,-94.17224829650412,2024-05-03,14.679993,22.75,5.549988,0.010009766,23.689152,59.52002,3.789978
osm-1360326432,43.24967591058911,-94.17224829650412,2024-05-04,11.27002,17.080017,4.5599976,21.950012,16.104097,73.53998,5.950012
osm-1360326432,43.24967591058911,-94.17224829650412,2024-05-05,12.789978,19.76001,5.5300293,0.0,27.895103,63.099976,2.9899902
osm-1360326432,43.24967591058911,-94.17224829650412,2024-05-06,16.799988,23.599976,8.77002,3.869995,18.353086,73.29999,8.799988
osm-1360326432,43.24967591058911,-94.17224829650412,2024-05-07,16.570007,21.099976,11.77002,24.049988,25.021439,64.65997,6.460022
osm-1360326432,43.24967591058911,-94.17224829650412,2024-05-08,15.210022,21.599976,9.5,17.130005,18.712515,75.08002,2.960022
osm-1360326432,43.24967591058911,-94.17224829650412,2024-05-09,14.030029,17.549988,10.840027,4.1500244,19.117731,80.900024,4.3099976
osm-1360326432,43.24967591058911,-94.17224829650412,2024-05-10,15.169983,23.46997,7.4299927,0.020019531,25.477633,64.15997,5.0300293
osm-1360326432,43.24967591058911,-94.17224829650412,2024-05-11,16.73999,24.690002,7.840027,0.0,29.003616,60.309998,3.9500122
osm-1360326432,43.24967591058911,-94.17224829650412,2024-05-12,20.080017,28.349976,12.320007,1.1699829,23.657185,67.40997,5.590027
osm-1360326432,43.24967591058911,-94.17224829650412,2024-05-13,17.01001,21.590027,11.710022,0.17999268,18.549217,69.82001,4.0999756
osm-1360326432,43.24967591058911,-94.17224829650412,2024-05-14,16.090027,23.070007,9.119995,0.0,27.67738,72.33002,4.5200195
osm-1360326432,43.24967591058911,-94.17224829650412,2024-05-15,16.549988,21.849976,10.820007,6.919983,15.545087,81.52002,4.369995
osm-1360326432,43.24967591058911,-94.17224829650412,2024-05-16,16.97998,22.599976,10.799988,0.48999023,20.911396,71.880005,4.2800293
osm-1360326432,43.24967591058911,-94.17224829650412,2024-05-17,19.929993,27.570007,11.789978,0.11999512,24.635233,65.17999,5.799988
osm-1360326432,43.24967591058911,-94.17224829650412,2024-05-18,20.299988,26.590027,12.710022,0.0,28.6632,65.650024,6.630005
osm-1360326432,43.24967591058911,-94.17224829650412,2024-05-19,16.21997,22.419983,9.119995,1.2600098,9.329471,69.59003,3.9099731
osm-1360326432,43.24967591058911,-94.17224829650412,2024-05-20,22.200012,27.76001,16.359985,3.9500122,25.579584,80.65997,2.880005
osm-1360326432,43.24967591058911,-94.17224829650412,2024-05-21,19.25,26.679993,10.200012,57.840027,7.845984,85.73999,8.609985
osm-1360326432,43.24967591058911,-94.17224829650412,2024-05-22,15.549988,21.820007,8.52002,0.65997314,27.845856,67.59003,6.6900024
osm-1360326432,43.24967591058911,-94.17224829650412,2024-05-23,19.070007,25.48999,12.01001,0.2199707,29.107298,66.81,5.409973
osm-1360326432,43.24967591058911,-94.17224829650412,2024-05-24,16.96997,21.52002,9.150024,10.440002,23.399714,71.19,7.549988
osm-1360326432,43.24967591058911,-94.17224829650412,2024-05-25,16.619995,23.940002,7.75,0.35998535,20.607265,66.31,4.880005
osm-1360326432,43.24967591058911,-94.17224829650412,2024-05-26,16.380005,21.73999,12.789978,5.3099976,19.065887,82.76001,4.0200195
osm-1360326432,43.24967591058911,-94.17224829650412,2024-05-27,16.570007,22.150024,11.01001,2.7600098,22.977217,74.15997,5.2299805
osm-1360326432,43.24967591058911,-94.17224829650412,2024-05-28,14.809998,20.059998,9.200012,0.46002197,24.711266,74.81,4.5599976
osm-1360326432,43.24967591058911,-94.17224829650412,2024-05-29,16.02002,22.679993,8.190002,0.0,30.819746,67.54999,2.7000122
osm-1360326432,43.24967591058911,-94.17224829650412,2024-05-30,18.630005,25.26001,11.169983,1.4000244,23.316769,72.81,6.3200073
osm-1360326432,43.24967591058911,-94.17224829650412,2024-05-31,19.140015,22.75,16.28003,19.700012,9.291454,87.03003,3.039978
osm-1360326432,43.24967591058911,-94.17224829650412,2024-06-01,19.77002,23.97998,15.140015,0.34002686,22.608288,73.26001,2.8499756
osm-1360326432,43.24967591058911,-94.17224829650412,2024-06-02,19.72998,23.409973,13.210022,3.0900269,19.16093,80.40997,6.1500244
osm-1360326432,43.24967591058911,-94.17224829650412,2024-06-03,23.650024,28.789978,19.940002,1.3400269,27.45792,78.849976,4.23999
osm-1360326432,43.24967591058911,-94.17224829650412,2024-06-04,21.049988,27.0,12.460022,17.359985,17.850239,83.69,4.9000244
osm-1360326432,43.24967591058911,-94.17224829650412,2024-06-05,18.76001,26.23999,10.940002,0.15002441,21.500639,67.25,5.73999
osm-1360326432,43.24967591058911,-94.17224829650412,2024-06-06,17.609985,23.400024,11.590027,0.0,31.634499,60.27002,7.419983
osm-1360326432,43.24967591058911,-94.17224829650412,2024-06-07,17.869995,25.609985,10.799988,4.450012,18.892221,67.22998,3.2999878
osm-1360326432,43.24967591058911,-94.17224829650412,2024-06-08,18.52002,23.190002,14.210022,0.51000977,27.296352,70.83002,3.919983
osm-1360326432,43.24967591058911,-94.17224829650412,2024-06-09,18.51001,24.76001,11.72998,0.0,30.104353,62.130005,5.460022
osm-1360326432,43.24967591058911,-94.17224829650412,2024-06-10,17.27002,23.5,10.099976,0.0,28.554337,71.640015,2.75
osm-1360326432,43.24967591058911,-94.17224829650412,2024-06-11,20.840027,28.52002,13.73999,0.6799927,28.327103,66.78003,4.909973
osm-1360326432,43.24967591058911,-94.17224829650412,2024-06-12,24.320007,29.809998,16.76001,1.2600098,17.277407,68.04999,5.4000244
osm-1360326432,43.24967591058911,-94.17224829650412,2024-06-13,23.289978,28.869995,17.299988,0.710022,18.868898,69.94,5.039978
osm-1360326432,43.24967591058911,-94.17224829650412,2024-06-14,20.940002,27.309998,13.200012,0.010009766,28.268353,63.349976,3.619995
osm-1360326432,43.24967591058911,-94.17224829650412,2024-06-15,21.76001,26.140015,16.799988,9.580017,10.275552,75.619995,6.590027
osm-1360326432,43.24967591058911,-94.17224829650412,2024-06-16,26.549988,31.700012,22.22998,8.01001,27.180578,81.51001,6.1500244
osm-1360326432,43.24967591058911,-94.17224829650412,2024-06-17,25.580017,29.950012,23.01001,10.789978,10.557217,83.349976,5.1400146
osm-1360326432,43.24967591058911,-94.17224829650412,2024-06-18,24.880005,28.47998,17.77002,12.349976,15.395617,84.25,8.679993
osm-1360326432,43.24967591058911,-94.17224829650412,2024-06-19,18.52002,21.5,15.900024,11.940002,18.646849,76.90997,3.7999878
osm-1360326432,43.24967591058911,-94.17224829650412,2024-06-20,19.450012,23.859985,15.700012,7.4799805,10.420703,87.73999,2.4799805
osm-1360326432,43.24967591058911,-94.17224829650412,2024-06-21,25.400024,29.809998,19.140015,30.169983,15.35587,84.29999,3.7000122
osm-1360326432,43.24967591058911,-94.17224829650412,2024-06-22,24.890015,28.960022,18.96997,40.909973,13.483584,85.52002,5.8200073
osm-1360326432,43.24967591058911,-94.17224829650412,2024-06-23,23.02002,28.21997,15.890015,0.16998291,27.190083,79.76001,2.5100098
osm-1360326432,43.24967591058911,-94.17224829650412,2024-06-24,26.679993,31.48999,20.77002,2.2299805,25.93987,81.849976,6.0200195
osm-1360326432,43.24967591058911,-94.17224829650412,2024-06-25,25.409973,29.72998,20.23999,1.3599854,25.345438,78.03003,4.789978
osm-1360326432,43.24967591058911,-94.17224829650412,2024-06-26,21.919983,26.76001,17.419983,0.39001465,29.420065,75.47998,4.0599976
osm-1360326432,43.24967591058911,-94.17224829650412,2024-06-27,20.619995,25.73999,14.940002,4.840027,11.869633,85.41998,4.590027
osm-1360326432,43.24967591058911,-94.17224829650412,2024-06-28,22.440002,28.210022,18.059998,26.25,9.780481,90.22998,6.4400024
osm-1360326432,43.24967591058911,-94.17224829650412,2024-06-29,18.960022,22.599976,12.960022,0.020019531,25.502687,76.51001,5.4299927
osm-1360326432,43.24967591058911,-94.17224829650412,2024-06-30,17.080017,22.690002,10.190002,0.0,31.169666,71.96002,2.919983
osm-1360326432,43.24967591058911,-94.17224829650412,2024-07-01,17.940002,21.909973,14.059998,1.5499878,15.538178,71.96997,7.210022
osm-1360326432,43.24967591058911,-94.17224829650412,2024-07-02,20.400024,26.22998,14.76001,24.23999,8.6702385,90.869995,4.2800293
osm-1360326432,43.24967591058911,-94.17224829650412,2024-07-03,22.23999,27.890015,15.460022,1.4799805,27.908066,78.47998,3.7999878
osm-1360326432,43.24967591058911,-94.17224829650412,2024-07-04,21.320007,26.25,16.190002,16.799988,15.434498,83.07001,4.4400024
osm-1360326432,43.24967591058911,-94.17224829650412,2024-07-05,19.460022,23.390015,15.609985,1.0700073,22.352547,82.28003,5.049988
osm-1360326432,43.24967591058911,-94.17224829650412,2024-07-06,21.200012,25.450012,16.700012,4.6900024,22.926239,78.66998,1.75
osm-1360326432,43.24967591058911,-94.17224829650412,2024-07-07,21.799988,26.080017,16.200012,15.809998,25.163136,79.69,1.7299805
osm-1360326432,43.24967591058911,-94.17224829650412,2024-07-08,21.890015,25.859985,16.590027,1.6799927,26.853119,77.95001,2.539978
osm-1360326432,43.24967591058911,-94.17224829650412,2024-07-09,23.179993,27.890015,17.48999,0.48999023,25.354946,71.53998,1.9099731
osm-1360326432,43.24967591058911,-94.17224829650412,2024-07-10,21.130005,25.51001,17.119995,3.0200195,19.67933,82.630005,2.7000122
osm-1360326432,43.24967591058911,-94.17224829650412,2024-07-11,22.5,28.159973,16.01001,0.0,27.2808,77.71002,2.330017
osm-1360326432,43.24967591058911,-94.17224829650412,2024-07-12,23.400024,28.400024,16.960022,0.020019531,27.762049,83.02002,4.539978
osm-1360326432,43.24967591058911,-94.17224829650412,2024-07-13,25.78003,30.710022,21.289978,0.08001709,22.801823,85.109985,3.539978
osm-1360326432,43.24967591058911,-94.17224829650412,2024-07-14,25.960022,30.830017,20.909973,0.15997314,23.26147,85.59003,2.880005
osm-1360326432,43.24967591058911,-94.17224829650412,2024-07-15,25.76001,32.159973,19.859985,1.7000122,14.592962,85.67999,4.0300293
osm-1360326432,43.24967591058911,-94.17224829650412,2024-07-16,21.190002,25.809998,17.109985,0.05999756,23.606207,79.75,3.3900146
osm-1360326432,43.24967591058911,-94.17224829650412,2024-07-17,19.109985,22.799988,15.5,0.0,27.494205,75.59003,4.1900024
osm-1360326432,43.24967591058911,-94.17224829650412,2024-07-18,19.27002,24.47998,13.900024,0.0,27.132195,69.97998,1.6799927
osm-1360326432,43.24967591058911,-94.17224829650412,2024-07-19,20.599976,26.73999,13.890015,0.30999756,14.712194,73.70001,3.75
osm-1360326432,43.24967591058911,-94.17224829650412,2024-07-20,20.789978,24.590027,16.23999,4.340027,16.266531,81.94,2.3599854
osm-1360326432,43.24967591058911,-94.17224829650412,2024-07-21,21.400024,25.299988,16.400024,0.4500122,19.941984,79.96997,1.710022
osm-1360326432,43.24967591058911,-94.17224829650412,2024-07-22,23.080017,27.03003,18.289978,1.9299927,23.658915,76.28998,1.0300293
osm-1360326432,43.24967591058911,-94.17224829650412,2024-07-23,23.26001,27.580017,18.859985,1.2000122,16.019423,81.400024,2.539978
osm-1360326432,43.24967591058911,-94.17224829650412,2024-07-24,21.900024,25.929993,18.309998,3.5200195,15.854401,86.41998,2.960022
osm-1360326432,43.24967591058911,-94.17224829650412,2024-07-25,22.150024,27.799988,16.27002,0.020019531,21.682947,83.72998,3.9400024
osm-1360326432,43.24967591058911,-94.17224829650412,2024-07-26,25.22998,32.51001,18.76001,0.010009766,19.655136,76.099976,4.7700195
osm-1360326432,43.24967591058911,-94.17224829650412,2024-07-27,25.799988,31.419983,20.900024,0.0,23.676195,70.150024,5.3499756
osm-1360326432,43.24967591058911,-94.17224829650412,2024-07-28,24.77002,30.950012,18.599976,9.48999,23.475746,75.0,4.369995
osm-1360326432,43.24967591058911,-94.17224829650412,2024-07-29,25.21997,29.609985,21.380005,6.0599976,24.422688,82.599976,2.0
osm-1360326432,43.24967591058911,-94.17224829650412,2024-07-30,26.150024,30.549988,21.5,0.8800049,19.648222,82.23999,2.7700195
osm-1360326432,43.24967591058911,-94.17224829650412,2024-07-31,26.789978,30.840027,22.890015,6.3599854,22.582369,86.16998,3.5300293
osm-1360326432,43.24967591058911,-94.17224829650412,2024-08-01,23.320007,26.27002,20.28003,3.9299927,21.624195,85.70001,3.330017
osm-1360326432,43.24967591058911,-94.17224829650412,2024-08-02,24.609985,30.72998,17.880005,0.0,27.318817,76.29999,3.5
osm-1360326432,43.24967591058911,-94.17224829650412,2024-08-03,25.880005,32.51001,19.320007,0.020019531,26.306206,72.369995,2.130005
osm-1360326432,43.24967591058911,-94.17224829650412,2024-08-04,24.890015,29.880005,19.23999,0.11999512,9.650882,76.84003,2.539978
osm-1360326432,43.24967591058911,-94.17224829650412,2024-08-05,26.71997,34.090027,19.859985,1.2700195,15.589151,75.359985,4.039978
osm-1360326432,43.24967591058911,-94.17224829650412,2024-08-06,18.840027,23.210022,14.650024,0.039978027,22.47264,72.56,5.590027
osm-1360326432,43.24967591058911,-94.17224829650412,2024-08-07,21.440002,27.380005,14.099976,0.0,17.535746,68.25,2.6799927
osm-1360326432,43.24967591058911,-94.17224829650412,2024-08-08,18.72998,22.179993,13.299988,0.0,24.935904,67.21997,5.2700195
osm-1360326432,43.24967591058911,-94.17224829650412,2024-08-09,16.190002,21.46997,10.830017,0.0,23.383297,66.90997,4.960022
osm-1360326432,43.24967591058911,-94.17224829650412,2024-08-10,17.359985,23.52002,10.26001,0.0,25.538979,64.79999,3.4799805
osm-1360326432,43.24967591058911,-94.17224829650412,2024-08-11,20.47998,27.380005,13.809998,1.4099731,21.008163,61.640015,2.0599976
osm-1360326432,43.24967591058911,-94.17224829650412,2024-08-12,19.359985,24.440002,16.02002,1.3599854,14.940287,78.19,2.7199707
osm-1360326432,43.24967591058911,-94.17224829650412,2024-08-13,20.960022,26.539978,14.169983,0.030029297,18.357407,75.59003,3.2700195
osm-1360326432,43.24967591058911,-94.17224829650412,2024-08-14,20.0,23.73999,17.820007,26.419983,5.5321946,85.65997,5.880005
osm-1360326432,43.24967591058911,-94.17224829650412,2024-08-15,22.390015,27.460022,18.559998,2.7999878,19.98778,84.52002,3.9799805
osm-1360326432,43.24967591058911,-94.17224829650412,2024-08-16,22.190002,26.409973,17.700012,0.2800293,13.4317465,78.73999,6.169983
osm-1360326432,43.24967591058911,-94.17224829650412,2024-08-17,21.159973,25.809998,16.909973,0.05999756,15.29453,81.640015,5.169983
osm-1360326432,43.24967591058911,-94.17224829650412,2024-08-18,22.099976,27.349976,16.169983,0.0,22.309347,78.27002,2.5999756
osm-1360326432,43.24967591058911,-94.17224829650412,2024-08-19,20.869995,26.0,15.75,0.0,23.965633,70.349976,2.789978
osm-1360326432,43.24967591058911,-94.17224829650412,2024-08-20,20.179993,25.390015,15.159973,1.6799927,9.544605,71.109985,3.0300293
osm-1360326432,43.24967591058911,-94.17224829650412,2024-08-21,20.059998,26.320007,15.280029,0.80999756,21.703682,72.41998,4.3499756
osm-1360326432,43.24967591058911,-94.17224829650412,2024-08-22,19.96997,26.659973,14.130005,0.0,16.081633,53.869995,5.549988
osm-1360326432,43.24967591058911,-94.17224829650412,2024-08-23,21.909973,29.919983,14.97998,0.0,19.073666,50.909973,4.48999
osm-1360326432,43.24967591058911,-94.17224829650412,2024-08-24,24.400024,31.820007,16.609985,0.049987793,19.179935,62.080017,4.419983
osm-1360326432,43.24967591058911,-94.17224829650412,2024-08-25,27.349976,32.73999,22.380005,0.020019531,15.64013,78.29999,3.6500244
osm-1360326432,43.24967591058911,-94.17224829650412,2024-08-26,29.02002,36.059998,21.789978,1.8800049,21.823778,69.57001,2.1599731
osm-1360326432,43.24967591058911,-94.17224829650412,2024-08-27,24.73999,29.090027,20.309998,1.6099854,13.909535,78.01001,2.789978
osm-1360326432,43.24967591058911,-94.17224829650412,2024-08-28,24.890015,31.22998,18.809998,0.10998535,21.384,73.04999,2.619995
osm-1360326432,43.24967591058911,-94.17224829650412,2024-08-29,26.01001,32.039978,19.820007,17.71997,13.441249,74.630005,4.8099976
osm-1360326432,43.24967591058911,-94.17224829650412,2024-08-30,20.02002,25.169983,16.53003,10.299988,22.765535,72.26001,3.210022
osm-1360326432,43.24967591058911,-94.17224829650412,2024-08-31,21.23999,28.690002,13.390015,0.0,23.131006,61.5,3.7700195
osm-1360326432,43.24967591058911,-94.17224829650412,2024-09-01,17.75,22.76001,12.969971,0.0,23.8896,66.359985,4.4000244
osm-1360326432,43.24967591058911,-94.17224829650412,2024-09-02,17.52002,24.809998,10.859985,0.0,22.265282,59.97998,2.8499756
osm-1360326432,43.24967591058911,-94.17224829650412,2024-09-03,18.859985,26.869995,11.890015,0.0,23.468834,51.47998,5.1500244
osm-1360326432,43.24967591058911,-94.17224829650412,2024-09-04,20.909973,29.179993,12.140015,0.0,22.545218,52.340027,5.840027
osm-1360326432,43.24967591058911,-94.17224829650412,2024-09-05,20.190002,25.48999,14.289978,1.460022,18.70733,68.76001,4.9799805
osm-1360326432,43.24967591058911,-94.17224829650412,2024-09-06,15.799988,21.549988,10.440002,0.22998047,19.599838,65.92999,4.1500244
osm-1360326432,43.24967591058911,-94.17224829650412,2024-09-07,15.830017,23.25,8.299988,0.0,20.725634,62.909973,1.7199707
osm-1360326432,43.24967591058911,-94.17224829650412,2024-09-08,17.27002,25.640015,9.25,0.0,20.259935,54.22998,3.8900146
osm-1360326432,43.24967591058911,-94.17224829650412,2024-09-09,20.460022,29.900024,11.309998,0.0,19.65427,46.97998,4.8499756
osm-1360326432,43.24967591058911,-94.17224829650412,2024-09-10,20.869995,27.700012,15.48999,0.049987793,11.385795,44.419983,7.23999
osm-1360326432,43.24967591058911,-94.17224829650412,2024-09-11,21.98999,31.849976,14.460022,0.099975586,19.293983,42.099976,4.5200195
osm-1360326432,43.24967591058911,-94.17224829650412,2024-09-12,21.799988,29.72998,15.320007,0.0,18.292606,51.27002,4.6799927
osm-1360326432,43.24967591058911,-94.17224829650412,2024-09-13,20.799988,28.049988,15.340027,0.010009766,18.044638,55.130005,4.2299805
osm-1360326432,43.24967591058911,-94.17224829650412,2024-09-14,22.01001,28.330017,16.75,0.98999023,10.126081,74.01001,2.6799927
osm-1360326432,43.24967591058911,-94.17224829650412,2024-09-15,24.190002,31.409973,17.169983,0.010009766,18.259779,68.890015,3.6799927
osm-1360326432,43.24967591058911,-94.17224829650412,2024-09-16,24.320007,30.960022,18.47998,0.30999756,17.71373,55.830017,4.299988
osm-1360326432,43.24967591058911,-94.17224829650412,2024-09-17,23.73999,30.51001,20.21997,0.15997314,14.438303,58.53003,5.590027
osm-1360326432,43.24967591058911,-94.17224829650412,2024-09-18,23.630005,28.789978,19.080017,5.6900024,8.09827,63.390015,5.7800293
osm-1360326432,43.24967591058911,-94.17224829650412,2024-09-19,23.76001,30.619995,18.21997,6.4799805,12.347422,69.869995,4.669983
osm-1360326432,43.24967591058911,-94.17224829650412,2024-09-20,22.929993,31.400024,15.119995,0.0,18.857666,53.630005,3.2399902
osm-1360326432,43.24967591058911,-94.17224829650412,2024-09-21,23.419983,31.96997,17.429993,0.15002441,17.507233,52.609985,5.909973
osm-1360326432,43.24967591058911,-94.17224829650412,2024-09-22,15.690002,21.169983,11.359985,0.049987793,15.651362,54.799988,5.1900024
osm-1360326432,43.24967591058911,-94.17224829650412,2024-09-23,15.289978,22.669983,8.52002,0.0,19.193762,55.109985,2.7399902
osm-1360326432,43.24967591058911,-94.17224829650412,2024-09-24,17.25,24.130005,11.130005,0.90997314,15.408579,59.059998,2.1500244
osm-1360326432,43.24967591058911,-94.17224829650412,2024-09-25,18.409973,26.419983,11.330017,0.0,18.595871,57.75,2.3499756
osm-1360326432,43.24967591058911,-94.17224829650412,2024-09-26,19.52002,27.900024,12.900024,0.0,17.742239,52.380005,3.0999756
osm-1360326432,43.24967591058911,-94.17224829650412,2024-09-27,19.98999,28.299988,13.799988,0.0,18.009216,53.859985,2.460022
osm-1360326432,43.24967591058911,-94.17224829650412,2024-09-28,20.440002,29.679993,12.909973,0.0,17.827778,56.23999,3.669983
osm-1360326432,43.24967591058911,-94.17224829650412,2024-09-29,20.789978,29.869995,13.619995,0.0,17.37072,58.130005,3.0300293
osm-1360326432,43.24967591058911,-94.17224829650412,2024-09-30,20.460022,30.51001,13.280029,0.0,16.504995,53.359985,6.4000244
osm-1360326432,43.24967591058911,-94.17224829650412,2024-10-01,13.690002,19.849976,7.630005,0.0,16.771103,40.640015,4.2800293
osm-1360326432,43.24967591058911,-94.17224829650412,2024-10-02,16.26001,25.809998,8.679993,0.0,17.001795,37.320007,6.4799805
osm-1360326432,43.24967591058911,-94.17224829650412,2024-10-03,16.390015,24.53003,11.330017,0.0,14.333762,52.47998,6.0200195
osm-1360326432,43.24967591058911,-94.17224829650412,2024-10-04,14.98999,23.099976,8.049988,0.0,16.931807,54.02002,4.880005
osm-1360326432,43.24967591058911,-94.17224829650412,2024-10-05,18.440002,31.039978,11.0,0.0,14.6819515,59.23999,6.590027
osm-1360326432,43.24967591058911,-94.17224829650412,2024-10-06,13.210022,19.640015,7.4299927,0.0,17.30333,42.650024,5.869995
osm-1360326432,43.24967591058911,-94.17224829650412,2024-10-07,13.080017,20.73999,5.7700195,0.0,16.264801,41.130005,1.7999878
osm-1360326432,43.24967591058911,-94.17224829650412,2024-10-08,15.599976,25.909973,6.960022,0.0,15.213314,41.539978,3.0700073
osm-1360326432,43.24967591058911,-94.17224829650412,2024-10-09,16.659973,28.049988,8.539978,0.0,14.811552,50.059998,2.3900146
osm-1360326432,43.24967591058911,-94.17224829650412,2024-10-10,18.28003,28.309998,9.830017,0.0,14.8841305,49.47998,4.0599976
osm-1360326432,43.24967591058911,-94.17224829650412,2024-10-11,17.98999,26.150024,12.869995,0.010009766,11.980222,50.53003,4.669983
osm-1360326432,43.24967591058911,-94.17224829650412,2024-10-12,14.369995,21.429993,8.960022,0.020019531,7.7448974,65.51001,3.210022
osm-1360326432,43.24967591058911,-94.17224829650412,2024-10-13,10.099976,14.409973,6.330017,0.0,13.973471,56.380005,7.960022
osm-1360326432,43.24967591058911,-94.17224829650412,2024-10-14,6.7299805,12.890015,1.3499756,0.0,7.1478705,59.140015,3.119995
osm-1360326432,43.24967591058911,-94.17224829650412,2024-10-15,5.919983,12.76001,0.5,0.0,15.507071,61.309998,3.6599731
osm-1360326432,43.24967591058911,-94.17224829650412,2024-10-16,7.7199707,16.159973,-0.710022,0.0,15.751584,44.52002,4.9000244
osm-1360326432,43.24967591058911,-94.17224829650412,2024-10-17,11.809998,21.609985,3.6599731,0.0,14.696638,37.77002,8.869995
osm-1360326432,43.24967591058911,-94.17224829650412,2024-10-18,14.809998,23.890015,7.1400146,0.010009766,13.760065,41.97998,7.3200073
osm-1360326432,43.24967591058911,-94.17224829650412,2024-10-19,16.679993,24.320007,9.919983,0.0,8.582978,47.950012,4.9400024
osm-1360326432,43.24967591058911,-94.17224829650412,2024-10-20,19.46997,28.150024,13.349976,0.0,13.06973,52.390015,6.090027
osm-1360326432,43.24967591058911,-94.17224829650412,2024-10-21,18.71997,26.76001,13.530029,0.0,10.115714,39.789978,5.4799805
osm-1360326432,43.24967591058911,-94.17224829650412,2024-10-22,17.72998,23.849976,12.880005,0.010009766,12.473568,51.309998,5.299988
osm-1360326432,43.24967591058911,-94.17224829650412,2024-10-23,10.75,16.299988,6.2700195,0.0,14.342401,48.150024,4.2700195
osm-1360326432,43.24967591058911,-94.17224829650412,2024-10-24,11.380005,18.299988,4.950012,0.59002686,7.382016,48.830017,5.090027
osm-1360326432,43.24967591058911,-94.17224829650412,2024-10-25,9.679993,15.929993,4.580017,0.010009766,13.124163,62.359985,4.75
osm-1360326432,43.24967591058911,-94.17224829650412,2024-10-26,8.669983,16.859985,2.5700073,0.0,11.895552,45.51001,3.6099854
osm-1360326432,43.24967591058911,-94.17224829650412,2024-10-27,11.25,20.179993,4.080017,0.0,12.116735,42.650024,6.2700195
osm-1360326432,43.24967591058911,-94.17224829650412,2024-10-28,16.359985,23.119995,10.679993,0.0,10.342946,72.650024,6.630005
osm-1360326432,43.24967591058911,-94.17224829650412,2024-10-29,20.47998,26.059998,12.580017,0.0,9.856514,68.400024,7.2700195
osm-1360326432,43.24967591058911,-94.17224829650412,2024-10-30,14.849976,23.099976,8.190002,20.599976,3.4119353,76.78998,6.48999
osm-1360326432,43.24967591058911,-94.17224829650412,2024-10-31,4.909973,8.27002,0.539978,2.4899902,5.932222,70.77002,7.2299805
osm-1360326432,43.24967591058911,-94.17224829650412,2024-11-01,5.799988,14.22998,-0.55999756,0.0,9.065951,59.97998,3.6400146
osm-1360326432,43.24967591058911,-94.17224829650412,2024-11-02,8.609985,16.190002,2.8599854,2.330017,8.409314,68.859985,5.049988
osm-1360326432,43.24967591058911,-94.17224829650412,2024-11-03,10.219971,13.929993,7.1500244,4.9699707,2.4684486,92.630005,5.539978
osm-1360326432,43.24967591058911,-94.17224829650412,2024-11-04,12.359985,15.369995,7.369995,14.080017,3.805919,84.28003,4.710022
osm-1360326432,43.24967591058911,-94.17224829650412,2024-11-05,5.630005,8.969971,1.8099976,9.190002,3.5717783,88.44,5.01001
osm-1360326432,43.24967591058911,-94.17224829650412,2024-11-06,5.9299927,12.780029,0.8300171,0.039978027,8.331552,74.98999,1.8400269
osm-1360326432,43.24967591058911,-94.17224829650412,2024-11-07,5.8099976,13.150024,0.08001709,0.0,10.609055,74.119995,3.4000244
osm-1360326432,43.24967591058911,-94.17224829650412,2024-11-08,6.75,14.919983,1.7999878,0.0,10.265184,71.900024,3.1900024
osm-1360326432,43.24967591058911,-94.17224829650412,2024-11-09,8.159973,11.289978,5.580017,1.8499756,3.1821136,81.90997,6.51001
osm-1360326432,43.24967591058911,-94.17224829650412,2024-11-10,9.48999,13.840027,6.799988,5.1500244,5.7386866,84.21002,4.8599854
osm-1360326432,43.24967591058911,-94.17224829650412,2024-11-11,4.4799805,8.960022,0.34002686,0.010009766,10.73693,72.44,5.5
osm-1360326432,43.24967591058911,-94.17224829650412,2024-11-12,3.75,10.679993,-1.539978,0.0,10.429346,72.69,6.76001
osm-1360326432,43.24967591058911,-94.17224829650412,2024-11-13,4.669983,8.130005,2.0300293,10.859985,1.939681,93.28998,4.9400024
osm-1360326432,43.24967591058911,-94.17224829650412,2024-11-14,5.48999,10.280029,1.3800049,0.05999756,3.7091515,83.73999,3.6799927
osm-1360326432,43.24967591058911,-94.17224829650412,2024-11-15,6.0599976,15.26001,-0.9299927,0.0,8.836995,78.78998,4.26001
osm-1360326432,43.24967591058911,-94.17224829650412,2024-11-16,9.570007,15.830017,4.3900146,0.0,8.5596485,78.42999,8.969971
osm-1360326432,43.24967591058911,-94.17224829650412,2024-11-17,6.4699707,13.570007,1.710022,0.0,9.724319,72.53003,3.6400146
osm-1360326432,43.24967591058911,-94.17224829650412,2024-11-18,7.659973,14.299988,1.7299805,24.880005,3.0386865,95.81,5.710022
osm-1360326432,43.24967591058911,-94.17224829650412,2024-11-19,7.659973,11.76001,2.0200195,0.39001465,3.6668162,75.97998,8.640015
osm-1360326432,43.24967591058911,-94.17224829650412,2024-11-20,-0.5499878,1.2600098,-3.4799805,0.17999268,3.1233623,66.53998,9.840027
osm-1360326432,43.24967591058911,-94.17224829650412,2024-11-21,-1.2700195,3.960022,-3.789978,0.0,8.119005,73.27002,8.72998
osm-1360326432,43.24967591058911,-94.17224829650412,2024-11-22,-0.4699707,4.5200195,-4.299988,0.0,7.9876814,76.75,2.9899902
osm-1360326432,43.24967591058911,-94.17224829650412,2024-11-23,2.7700195,7.799988,-2.25,0.0,6.950881,73.21002,3.330017
osm-1360326432,43.24967591058911,-94.17224829650412,2024-11-24,4.039978,8.070007,0.46002197,0.010009766,3.0697947,83.71002,4.369995
osm-1360326432,43.24967591058911,-94.17224829650412,2024-11-25,-1.6199951,2.919983,-5.669983,0.010009766,9.001152,66.849976,7.3099976
osm-1360326432,43.24967591058911,-94.17224829650412,2024-11-26,-1.9199829,4.98999,-5.73999,0.0,8.322914,72.01001,2.2299805
osm-1360326432,43.24967591058911,-94.17224829650412,2024-11-27,-2.380005,0.84002686,-4.1099854,0.0,5.820768,76.119995,5.0999756
osm-1360326432,43.24967591058911,-94.17224829650412,2024-11-28,-5.01001,-2.710022,-9.590027,0.0,2.898719,65.57001,7.080017
osm-1360326432,43.24967591058911,-94.17224829650412,2024-11-29,-10.200012,-5.6500244,-13.51001,0.0,9.315649,64.94,5.4699707
osm-1360326432,43.24967591058911,-94.17224829650412,2024-11-30,-9.659973,-5.6799927,-13.169983,0.0,8.125919,63.549988,4.130005
osm-1360326432,43.24967591058911,-94.17224829650412,2024-12-01,-8.830017,-5.0700073,-13.090027,0.11999512,8.868962,69.96002,3.130005
osm-1360326432,43.24967591058911,-94.17224829650412,2024-12-02,-7.049988,-5.0200195,-10.210022,0.5,6.8212814,77.79999,4.3200073
osm-1360326432,43.24967591058911,-94.17224829650412,2024-12-03,-5.23999,0.69000244,-10.700012,0.0,6.918914,77.21002,5.8200073
osm-1360326432,43.24967591058911,-94.17224829650412,2024-12-04,-4.4799805,3.5599976,-12.27002,0.0,5.698081,72.01001,11.0
osm-1360326432,43.24967591058911,-94.17224829650412,2024-12-05,-10.280029,-6.619995,-13.859985,0.0,8.451649,66.67999,5.2299805
osm-1360326432,43.24967591058911,-94.17224829650412,2024-12-06,-4.0300293,3.0100098,-9.460022,0.0,7.7492166,70.46002,4.2700195
osm-1360326432,43.24967591058911,-94.17224829650412,2024-12-07,0.8800049,6.5700073,-2.9899902,0.0,7.093438,81.869995,5.580017
osm-1360326432,43.24967591058911,-94.17224829650412,2024-12-08,3.1799927,10.320007,-0.32000732,0.0,5.4129624,84.76001,4.8200073
osm-1360326432,43.24967591058911,-94.17224829650412,2024-12-09,0.6699829,6.7199707,-3.5599976,0.0,5.2652164,74.56,7.8200073
osm-1360326432,43.24967591058911,-94.17224829650412,2024-12-10,-2.039978,2.119995,-4.909973,0.15997314,2.6732163,68.84003,4.700012
osm-1360326432,43.24967591058911,-94.17224829650412,2024-12-11,-10.210022,-3.169983,-15.799988,0.15002441,6.488638,61.190002,8.01001
osm-1360326432,43.24967591058911,-94.17224829650412,2024-12-12,-14.400024,-11.26001,-16.690002,0.0,3.322946,58.53003,2.7600098
osm-1360326432,43.24967591058911,-94.17224829650412,2024-12-13,-10.76001,-6.7299805,-15.25,0.13000488,4.985281,59.97998,6.9799805
osm-1360326432,43.24967591058911,-94.17224829650412,2024-12-14,-3.619995,-1.2700195,-6.840027,0.80999756,1.1067839,89.46997,5.5999756
osm-1360326432,43.24967591058911,-94.17224829650412,2024-12-15,-0.44000244,2.669983,-3.1599731,0.16998291,2.5824974,94.25,4.4299927
osm-1360326432,43.24967591058911,-94.17224829650412,2024-12-16,0.55999756,6.1900024,-2.6099854,0.08001709,7.356962,82.66998,6.4299927
osm-1360326432,43.24967591058911,-94.17224829650412,2024-12-17,-3.0900269,-2.039978,-4.0599976,5.369995,2.0191677,83.359985,3.1599731
osm-1360326432,43.24967591058911,-94.17224829650412,2024-12-18,-6.26001,-2.4500122,-9.780029,0.070007324,2.3535352,76.66998,4.049988
osm-1360326432,43.24967591058911,-94.17224829650412,2024-12-19,-4.1900024,2.3599854,-6.919983,1.0700073,2.3863676,84.52002,8.960022
osm-1360326432,43.24967591058911,-94.17224829650412,2024-12-20,-8.409973,-5.5700073,-10.880005,0.030029297,3.5709136,75.130005,5.48999
osm-1360326432,43.24967591058911,-94.17224829650412,2024-12-21,-8.219971,-2.3499756,-13.090027,0.0,2.372546,80.32001,4.369995
osm-1360326432,43.24967591058911,-94.17224829650412,2024-12-22,-2.1500244,2.75,-7.5700073,0.0,2.5989134,89.599976,7.1400146
osm-1360326432,43.24967591058911,-94.17224829650412,2024-12-23,-1.1400146,1.0800171,-3.539978,0.0,3.301346,90.08002,4.6400146
osm-1360326432,43.24967591058911,-94.17224829650412,2024-12-24,-2.0999756,1.3499756,-4.5,0.010009766,1.7038056,91.51001,2.4099731
osm-1360326432,43.24967591058911,-94.17224829650412,2024-12-25,-0.7800293,2.039978,-2.9299927,0.020019531,2.5557137,92.5,4.049988
osm-1360326432,43.24967591058911,-94.17224829650412,2024-12-26,0.6799927,2.0999756,-0.8300171,0.6300049,2.7984974,97.45001,4.090027
osm-1360326432,43.24967591058911,-94.17224829650412,2024-12-27,1.8800049,3.0599976,1.2000122,13.51001,2.121119,98.79999,2.7800293
osm-1360326432,43.24967591058911,-94.17224829650412,2024-12-28,1.7199707,7.159973,-0.9299927,0.08001709,7.8338866,94.57001,3.880005
osm-1360326432,43.24967591058911,-94.17224829650412,2024-12-29,1.0900269,4.4400024,-0.8499756,0.17999268,3.6754541,94.45001,2.210022
osm-1360326432,43.24967591058911,-94.17224829650412,2024-12-30,0.17999268,2.580017,-1.4899902,2.630005,1.8930217,96.150024,3.3200073
osm-1360326432,43.24967591058911,-94.17224829650412,2024-12-31,-1.9899902,0.099975586,-3.6400146,0.05999756,2.2299838,71.71997,8.219971
osm-1360386537,43.27317253730906,-94.26079989966276,2024-01-01,-5.8900146,-0.40997314,-10.630005,0.0,6.9552,84.41998,4.01001
osm-1360386537,43.27317253730906,-94.26079989966276,2024-01-02,-2.8900146,3.0100098,-5.950012,0.0,3.8154218,90.66998,4.5300293
osm-1360386537,43.27317253730906,-94.26079989966276,2024-01-03,-3.7700195,0.77001953,-7.700012,0.0,2.9764812,83.21002,4.25
osm-1360386537,43.27317253730906,-94.26079989966276,2024-01-04,-5.1799927,-0.7999878,-8.51001,0.0,3.3454056,79.34003,2.380005
osm-1360386537,43.27317253730906,-94.26079989966276,2024-01-05,-2.460022,0.32000732,-5.73999,0.0,5.1572165,85.17999,4.0200195
osm-1360386537,43.27317253730906,-94.26079989966276,2024-01-06,-2.2700195,1.2199707,-4.6400146,0.10998535,2.1479027,89.02002,3.7600098
osm-1360386537,43.27317253730906,-94.26079989966276,2024-01-07,-4.51001,-1.039978,-7.3499756,0.05999756,6.627746,77.31,3.419983
osm-1360386537,43.27317253730906,-94.26079989966276,2024-01-08,-2.789978,-0.46002197,-4.7800293,2.6599731,3.1821136,87.73999,5.200012
osm-1360386537,43.27317253730906,-94.26079989966276,2024-01-09,-3.4799805,-1.1199951,-8.609985,2.3099976,2.9790704,89.04999,8.090027
osm-1360386537,43.27317253730906,-94.26079989966276,2024-01-10,-6.119995,-2.5599976,-8.809998,2.7299805,2.164319,86.70001,3.8900146
osm-1360386537,43.27317253730906,-94.26079989966276,2024-01-11,-10.869995,-7.1099854,-13.530029,0.5700073,4.2880325,77.79999,5.210022
osm-1360386537,43.27317253730906,-94.26079989966276,2024-01-12,-13.039978,-11.969971,-13.919983,3.3200073,3.913919,84.27002,10.909973
osm-1360386537,43.27317253730906,-94.26079989966276,2024-01-13,-19.890015,-13.700012,-24.22998,0.6500244,3.8508487,80.84003,11.690002
osm-1360386537,43.27317253730906,-94.26079989966276,2024-01-14,-22.76001,-17.330017,-26.52002,0.030029297,6.8808975,82.140015,6.909973
osm-1360386537,43.27317253730906,-94.26079989966276,2024-01-15,-22.21997,-16.27002,-26.939941,0.0,6.7953625,82.21002,6.4699707
osm-1360386537,43.27317253730906,-94.26079989966276,2024-01-16,-19.77002,-13.179993,-25.26001,0.0,6.249314,81.119995,7.3099976
osm-1360386537,43.27317253730906,-94.26079989966276,2024-01-17,-14.650024,-8.859985,-20.619995,0.0,4.891103,81.04999,4.26001
osm-1360386537,43.27317253730906,-94.26079989966276,2024-01-18,-14.700012,-12.840027,-17.640015,3.7000122,5.6194544,85.98999,5.380005
osm-1360386537,43.27317253730906,-94.26079989966276,2024-01-19,-17.640015,-15.190002,-22.909973,0.05999756,8.577795,81.359985,6.580017
osm-1360386537,43.27317253730906,-94.26079989966276,2024-01-20,-19.159973,-12.789978,-23.409973,0.0,7.1280003,89.880005,3.9400024
osm-1360386537,43.27317253730906,-94.26079989966276,2024-01-21,-11.969971,-6.580017,-19.429993,0.0,4.978368,87.65997,9.580017
osm-1360386537,43.27317253730906,-94.26079989966276,2024-01-22,-2.2199707,1.0300293,-6.0700073,0.030029297,7.2403193,90.56,4.2700195
osm-1360386537,43.27317253730906,-94.26079989966276,2024-01-23,-2.0100098,0.55999756,-4.1900024,0.030029297,3.0818865,95.369995,2.619995
osm-1360386537,43.27317253730906,-94.26079989966276,2024-01-24,-0.6500244,1.9500122,-3.6799927,0.099975586,4.4513297,95.099976,2.9500122
osm-1360386537,43.27317253730906,-94.26079989966276,2024-01-25,0.539978,2.7999878,-1.0900269,0.3499756,4.2050867,94.21002,1.4000244
osm-1360386537,43.27317253730906,-94.26079989966276,2024-01-26,0.020019531,3.6400146,-2.9699707,0.52001953,3.4162543,94.47998,3.0599976
osm-1360386537,43.27317253730906,-94.26079989966276,2024-01-27,-1.5800171,2.789978,-3.539978,0.020019531,5.1140165,93.44,3.0
osm-1360386537,43.27317253730906,-94.26079989966276,2024-01-28,-0.539978,5.1900024,-2.630005,0.010009766,7.9738545,91.72998,3.2800293
osm-1360386537,43.27317253730906,-94.26079989966276,2024-01-29,1.9500122,9.849976,-2.2399902,0.0,10.112254,90.73999,5.909973
osm-1360386537,43.27317253730906,-94.26079989966276,2024-01-30,0.6300049,5.669983,-2.4500122,0.0,5.1183352,89.630005,4.9000244
osm-1360386537,43.27317253730906,-94.26079989966276,2024-01-31,2.869995,11.419983,-1.5499878,0.010009766,10.414655,91.15997,5.3499756
osm-1360386537,43.27317253730906,-94.26079989966276,2024-02-01,3.1900024,11.929993,-1.0100098,0.020019531,10.490686,87.51001,4.119995
osm-1360386537,43.27317253730906,-94.26079989966276,2024-02-02,1.0499878,7.169983,-2.039978,0.010009766,7.1064,86.27002,6.289978
osm-1360386537,43.27317253730906,-94.26079989966276,2024-02-03,0.6500244,6.51001,-2.3200073,0.010009766,6.6502056,86.640015,5.3200073
osm-1360386537,43.27317253730906,-94.26079989966276,2024-02-04,0.32000732,7.0300293,-2.8099976,0.0,8.894016,83.900024,3.619995
osm-1360386537,43.27317253730906,-94.26079989966276,2024-02-05,2.0499878,8.530029,-1.9799805,0.0,8.863778,77.70001,2.1099854
osm-1360386537,43.27317253730906,-94.26079989966276,2024-02-06,3.2199707,10.549988,-1.6199951,0.0,8.741952,74.06,5.380005
osm-1360386537,43.27317253730906,-94.26079989966276,2024-02-07,6.0,10.26001,2.130005,0.030029297,5.102784,77.619995,9.119995
osm-1360386537,43.27317253730906,-94.26079989966276,2024-02-08,5.409973,10.419983,-0.16998291,1.6099854,3.4145298,85.53998,10.390015
osm-1360386537,43.27317253730906,-94.26079989966276,2024-02-09,-0.5700073,3.1400146,-3.0700073,0.010009766,4.950719,80.21997,6.330017
osm-1360386537,43.27317253730906,-94.26079989966276,2024-02-10,-1.5700073,2.8400269,-3.830017,0.0,9.125567,74.02002,4.76001
osm-1360386537,43.27317253730906,-94.26079989966276,2024-02-11,-0.60998535,4.590027,-3.5300293,0.010009766,12.686978,72.98999,4.0200195
osm-1360386537,43.27317253730906,-94.26079989966276,2024-02-12,0.13000488,7.8599854,-3.5499878,0.0,13.346206,75.65997,4.380005
osm-1360386537,43.27317253730906,-94.26079989966276,2024-02-13,-0.15997314,4.630005,-3.369995,0.0,12.475298,77.06,1.5999756
osm-1360386537,43.27317253730906,-94.26079989966276,2024-02-14,0.3300171,5.590027,-2.8900146,3.789978,7.418303,85.140015,3.9000244
osm-1360386537,43.27317253730906,-94.26079989966276,2024-02-15,-3.1799927,1.1099854,-6.7199707,0.039978027,13.189822,66.28003,5.4299927
osm-1360386537,43.27317253730906,-94.26079989966276,2024-02-16,-7.299988,-4.1799927,-12.97998,0.049987793,6.562946,60.409973,6.5999756
osm-1360386537,43.27317253730906,-94.26079989966276,2024-02-17,-6.3599854,0.3499756,-13.580017,0.0,13.766978,64.650024,8.809998
osm-1360386537,43.27317253730906,-94.26079989966276,2024-02-18,-1.3699951,4.710022,-6.830017,0.0,14.866849,67.46997,4.0599976
osm-1360386537,43.27317253730906,-94.26079989966276,2024-02-19,1.2199707,10.130005,-4.289978,0.0,13.312513,73.03003,4.950012
osm-1360386537,43.27317253730906,-94.26079989966276,2024-02-20,2.8599854,9.780029,-2.7700195,0.0,14.141087,76.44,3.1799927
osm-1360386537,43.27317253730906,-94.26079989966276,2024-02-21,3.2999878,8.5,-2.539978,0.0,9.573119,68.390015,2.1400146
osm-1360386537,43.27317253730906,-94.26079989966276,2024-02-22,4.3200073,11.469971,-0.9299927,0.0,14.396832,71.04999,5.090027
osm-1360386537,43.27317253730906,-94.26079989966276,2024-02-23,0.28997803,6.130005,-4.9799805,0.010009766,10.234946,80.869995,6.26001
osm-1360386537,43.27317253730906,-94.26079989966276,2024-02-24,0.75,8.880005,-5.539978,0.0,14.762303,70.27002,5.6099854
osm-1360386537,43.27317253730906,-94.26079989966276,2024-02-25,4.4000244,11.890015,-1.0999756,0.0,13.042082,70.26001,4.8099976
osm-1360386537,43.27317253730906,-94.26079989966276,2024-02-26,7.409973,19.599976,-2.2299805,0.0,14.966206,62.72998,5.869995
osm-1360386537,43.27317253730906,-94.26079989966276,2024-02-27,-1.3300171,7.4299927,-10.5,0.38000488,7.64813,67.96002,10.700012
osm-1360386537,43.27317253730906,-94.26079989966276,2024-02-28,-8.890015,-3.6599731,-13.599976,0.0,16.889471,52.609985,7.23999
osm-1360386537,43.27317253730906,-94.26079989966276,2024-02-29,1.289978,12.309998,-8.289978,0.0,16.435005,57.559998,8.369995
osm-1360386537,43.27317253730906,-94.26079989966276,2024-03-01,4.8200073,12.880005,-1.0599976,0.0,16.177536,71.53998,9.109985
osm-1360386537,43.27317253730906,-94.26079989966276,2024-03-02,6.950012,17.059998,0.4000244,0.010009766,13.684032,79.59003,7.51001
osm-1360386537,43.27317253730906,-94.26079989966276,2024-03-03,9.890015,19.849976,0.25,0.010009766,16.382303,71.19,8.900024
osm-1360386537,43.27317253730906,-94.26079989966276,2024-03-04,1.5200195,6.23999,-3.9799805,0.26000977,4.497984,64.380005,5.330017
osm-1360386537,43.27317253730906,-94.26079989966276,2024-03-05,2.1400146,9.809998,-4.9400024,0.0,16.465248,59.23999,3.0100098
osm-1360386537,43.27317253730906,-94.26079989966276,2024-03-06,5.0,13.609985,-2.2199707,0.0,15.939936,53.659973,5.5999756
osm-1360386537,43.27317253730906,-94.26079989966276,2024-03-07,3.919983,10.700012,-1.5499878,0.030029297,11.247552,67.46997,5.2800293
osm-1360386537,43.27317253730906,-94.26079989966276,2024-03-08,-0.5800171,5.2199707,-4.51001,0.020019531,14.631838,62.159973,7.909973
osm-1360386537,43.27317253730906,-94.26079989966276,2024-03-09,-1.3300171,5.0,-5.3900146,0.0,18.995039,61.03003,5.5599976
osm-1360386537,43.27317253730906,-94.26079989966276,2024-03-10,3.419983,11.659973,-3.3099976,0.0,17.928865,51.090027,4.3900146
osm-1360386537,43.27317253730906,-94.26079989966276,2024-03-11,10.280029,21.859985,-0.32000732,0.0,17.211746,62.869995,5.9400024
osm-1360386537,43.27317253730906,-94.26079989966276,2024-03-12,10.809998,18.830017,4.669983,0.0,17.35258,56.02002,4.119995
osm-1360386537,43.27317253730906,-94.26079989966276,2024-03-13,10.690002,18.619995,2.5599976,2.9099731,14.791681,59.27002,4.619995
osm-1360386537,43.27317253730906,-94.26079989966276,2024-03-14,9.059998,13.530029,3.8499756,4.630005,5.01293,71.25,6.3099976
osm-1360386537,43.27317253730906,-94.26079989966276,2024-03-15,5.330017,12.150024,-0.9299927,0.23999023,16.556833,69.02002,5.549988
osm-1360386537,43.27317253730906,-94.26079989966276,2024-03-16,4.9299927,9.72998,-0.75,0.0,14.231806,54.099976,8.77002
osm-1360386537,43.27317253730906,-94.26079989966276,2024-03-17,-3.7199707,-0.3499756,-6.6500244,0.0,15.832801,54.96997,8.98999
osm-1360386537,43.27317253730906,-94.26079989966276,2024-03-18,-2.419983,2.8400269,-6.539978,0.0,18.850752,48.409973,5.799988
osm-1360386537,43.27317253730906,-94.26079989966276,2024-03-19,4.330017,12.929993,-2.4899902,0.0,19.98778,56.71997,7.830017
osm-1360386537,43.27317253730906,-94.26079989966276,2024-03-20,-2.619995,1.9199829,-6.9400024,0.0,21.246622,45.549988,5.7800293
osm-1360386537,43.27317253730906,-94.26079989966276,2024-03-21,-0.59002686,2.830017,-3.8200073,0.42999268,10.655714,57.909973,3.2700195
osm-1360386537,43.27317253730906,-94.26079989966276,2024-03-22,-1.5100098,2.960022,-5.450012,0.85998535,7.159968,71.27002,5.8900146
osm-1360386537,43.27317253730906,-94.26079989966276,2024-03-23,-2.2399902,2.8499756,-6.590027,2.369995,12.997151,62.78003,3.3499756
osm-1360386537,43.27317253730906,-94.26079989966276,2024-03-24,-0.35998535,2.460022,-3.9000244,26.690002,2.9220488,89.07001,7.2800293
osm-1360386537,43.27317253730906,-94.26079989966276,2024-03-25,2.880005,7.25,0.2199707,23.849976,4.3217297,96.640015,4.8200073
osm-1360386537,43.27317253730906,-94.26079989966276,2024-03-26,-4.3099976,-0.090026855,-8.609985,1.7600098,9.216287,85.890015,10.650024
osm-1360386537,43.27317253730906,-94.26079989966276,2024-03-27,-5.8499756,0.34002686,-11.570007,0.0,19.648222,75.34003,5.909973
osm-1360386537,43.27317253730906,-94.26079989966276,2024-03-28,-2.2299805,4.950012,-8.549988,0.0,21.510147,68.03003,3.0999756
osm-1360386537,43.27317253730906,-94.26079989966276,2024-03-29,5.710022,15.559998,-2.6900024,0.090026855,15.520898,74.349976,5.450012
osm-1360386537,43.27317253730906,-94.26079989966276,2024-03-30,4.950012,11.0,-0.77001953,0.049987793,20.377438,74.400024,5.460022
osm-1360386537,43.27317253730906,-94.26079989966276,2024-03-31,3.5,8.27002,-0.22998047,0.44000244,5.2427516,80.54999,3.6900024
osm-1360386537,43.27317253730906,-94.26079989966276,2024-04-01,3.0599976,6.7800293,-0.42999268,10.159973,1.9621459,89.640015,6.409973
osm-1360386537,43.27317253730906,-94.26079989966276,2024-04-02,4.330017,9.390015,0.4199829,2.0200195,11.594016,75.369995,8.039978
osm-1360386537,43.27317253730906,-94.26079989966276,2024-04-03,4.299988,11.25,-0.8300171,0.05999756,22.685184,61.390015,11.219971
osm-1360386537,43.27317253730906,-94.26079989966276,2024-04-04,4.23999,11.98999,-2.9099731,0.0,23.857634,67.880005,6.080017
osm-1360386537,43.27317253730906,-94.26079989966276,2024-04-05,6.289978,14.219971,-1.0700073,0.0,22.553854,65.28998,3.619995
osm-1360386537,43.27317253730906,-94.26079989966276,2024-04-06,7.799988,15.119995,0.52001953,0.38000488,23.171618,58.25,10.469971
osm-1360386537,43.27317253730906,-94.26079989966276,2024-04-07,7.340027,11.869995,3.6599731,10.97998,3.7497623,84.83002,8.48999
osm-1360386537,43.27317253730906,-94.26079989966276,2024-04-08,8.809998,14.559998,3.9299927,0.76000977,11.390979,77.65997,6.4299927
osm-1360386537,43.27317253730906,-94.26079989966276,2024-04-09,9.390015,17.049988,1.460022,0.0,21.828098,69.380005,5.75
osm-1360386537,43.27317253730906,-94.26079989966276,2024-04-10,12.419983,20.880005,4.619995,0.5800171,18.607103,58.830017,5.080017
osm-1360386537,43.27317253730906,-94.26079989966276,2024-04-11,8.549988,12.090027,4.669983,1.6500244,11.619071,73.71002,8.820007
osm-1360386537,43.27317253730906,-94.26079989966276,2024-04-12,9.929993,16.51001,2.5700073,0.0,25.488865,60.76001,5.9799805
osm-1360386537,43.27317253730906,-94.26079989966276,2024-04-13,16.0,27.320007,4.4400024,0.010009766,23.35392,57.23999,7.039978
osm-1360386537,43.27317253730906,-94.26079989966276,2024-04-14,16.090027,23.859985,9.27002,0.0,25.169184,58.909973,5.299988
osm-1360386537,43.27317253730906,-94.26079989966276,2024-04-15,16.179993,24.599976,6.909973,0.0,25.176962,48.669983,6.2299805
osm-1360386537,43.27317253730906,-94.26079989966276,2024-04-16,14.320007,22.0,10.169983,33.940002,8.225282,77.29999,9.5
osm-1360386537,43.27317253730906,-94.26079989966276,2024-04-17,11.640015,17.98999,7.73999,0.5700073,16.916254,69.900024,8.150024
osm-1360386537,43.27317253730906,-94.26079989966276,2024-04-18,7.549988,12.650024,1.3599854,11.47998,18.447266,62.22998,6.6799927
osm-1360386537,43.27317253730906,-94.26079989966276,2024-04-19,3.119995,8.090027,-1.289978,0.010009766,21.758114,52.96997,8.919983
osm-1360386537,43.27317253730906,-94.26079989966276,2024-04-20,2.9500122,9.559998,-2.9000244,0.0,15.545087,61.340027,6.289978
osm-1360386537,43.27317253730906,-94.26079989966276,2024-04-21,7.1799927,16.289978,-2.6099854,0.0,27.086401,54.539978,4.5300293
osm-1360386537,43.27317253730906,-94.26079989966276,2024-04-22,10.48999,19.200012,2.8599854,0.049987793,16.314915,60.53003,7.700012
osm-1360386537,43.27317253730906,-94.26079989966276,2024-04-23,10.549988,16.109985,5.3200073,0.010009766,21.689856,63.119995,7.0200195
osm-1360386537,43.27317253730906,-94.26079989966276,2024-04-24,10.190002,17.940002,1.6799927,0.0,26.92224,63.73999,2.5300293
osm-1360386537,43.27317253730906,-94.26079989966276,2024-04-25,13.23999,20.26001,7.23999,0.7199707,22.927969,60.419983,7.450012
osm-1360386537,43.27317253730906,-94.26079989966276,2024-04-26,11.330017,15.77002,8.690002,17.140015,6.48,84.19,10.369995
osm-1360386537,43.27317253730906,-94.26079989966276,2024-04-27,14.799988,20.47998,10.210022,0.13000488,8.332417,74.95001,5.7299805
osm-1360386537,43.27317253730906,-94.26079989966276,2024-04-28,11.789978,16.820007,9.26001,21.0,5.2401624,87.73999,6.289978
osm-1360386537,43.27317253730906,-94.26079989966276,2024-04-29,9.159973,13.460022,4.9799805,0.64001465,9.921313,75.59003,6.23999
osm-1360386537,43.27317253730906,-94.26079989966276,2024-04-30,13.880005,23.429993,3.8599854,15.369995,12.475298,74.380005,5.880005
osm-1360386537,43.27317253730906,-94.26079989966276,2024-05-01,12.539978,18.950012,5.7299805,5.8200073,18.4464,62.059998,4.9699707
osm-1360386537,43.27317253730906,-94.26079989966276,2024-05-02,11.200012,15.320007,7.3599854,29.840027,10.615103,82.75,4.789978
osm-1360386537,43.27317253730906,-94.26079989966276,2024-05-03,14.280029,21.880005,5.2199707,0.0,23.689152,60.039978,4.1400146
osm-1360386537,43.27317253730906,-94.26079989966276,2024-05-04,10.440002,16.830017,3.289978,16.98999,16.104097,73.77002,6.210022
osm-1360386537,43.27317253730906,-94.26079989966276,2024-05-05,12.48999,19.580017,4.6500244,0.0,27.895103,63.630005,3.039978
osm-1360386537,43.27317253730906,-94.26079989966276,2024-05-06,16.440002,23.190002,8.330017,2.9400024,18.353086,71.98999,8.849976
osm-1360386537,43.27317253730906,-94.26079989966276,2024-05-07,16.23999,20.53003,11.73999,23.059998,25.021439,67.01001,6.840027
osm-1360386537,43.27317253730906,-94.26079989966276,2024-05-08,14.030029,18.609985,8.26001,11.109985,18.712515,77.41998,3.789978
osm-1360386537,43.27317253730906,-94.26079989966276,2024-05-09,13.299988,17.570007,9.390015,1.5800171,19.117731,80.19,4.909973
osm-1360386537,43.27317253730906,-94.26079989966276,2024-05-10,15.02002,23.630005,7.4799805,0.05999756,25.477633,62.609985,5.090027
osm-1360386537,43.27317253730906,-94.26079989966276,2024-05-11,16.380005,24.51001,7.2199707,0.0,29.003616,60.109985,3.7299805
osm-1360386537,43.27317253730906,-94.26079989966276,2024-05-12,20.390015,29.039978,11.859985,0.55999756,23.657185,65.02002,4.7199707
osm-1360386537,43.27317253730906,-94.26079989966276,2024-05-13,16.46997,22.070007,11.190002,0.010009766,18.549217,66.82001,4.26001
osm-1360386537,43.27317253730906,-94.26079989966276,2024-05-14,15.450012,22.599976,7.9000244,0.0,27.67738,72.46002,4.4400024
osm-1360386537,43.27317253730906,-94.26079989966276,2024-05-15,16.340027,21.73999,10.640015,6.9400024,15.545087,81.849976,4.4799805
osm-1360386537,43.27317253730906,-94.26079989966276,2024-05-16,16.820007,22.309998,10.5,1.2800293,20.911396,71.90997,4.159973
osm-1360386537,43.27317253730906,-94.26079989966276,2024-05-17,19.77002,27.549988,12.130005,0.2999878,24.635233,66.09003,6.26001
osm-1360386537,43.27317253730906,-94.26079989966276,2024-05-18,19.820007,26.200012,11.960022,0.0,28.6632,65.109985,6.9400024
osm-1360386537,43.27317253730906,-94.26079989966276,2024-05-19,15.859985,21.51001,9.299988,2.1099854,9.329471,67.78998,3.960022
osm-1360386537,43.27317253730906,-94.26079989966276,2024-05-20,21.46997,27.210022,15.130005,5.049988,25.579584,81.46997,2.6400146
osm-1360386537,43.27317253730906,-94.26079989966276,2024-05-21,18.679993,26.299988,10.109985,45.359985,7.845984,86.77002,8.409973
osm-1360386537,43.27317253730906,-94.26079989966276,2024-05-22,15.400024,21.96997,8.289978,0.38000488,27.845856,66.09003,7.1400146
osm-1360386537,43.27317253730906,-94.26079989966276,2024-05-23,18.919983,25.679993,12.059998,0.10998535,29.107298,66.630005,5.2299805
osm-1360386537,43.27317253730906,-94.26079989966276,2024-05-24,16.700012,21.840027,8.530029,15.450012,23.399714,70.140015,8.049988
osm-1360386537,43.27317253730906,-94.26079989966276,2024-05-25,15.76001,21.669983,7.549988,0.099975586,20.607265,69.369995,4.8900146
osm-1360386537,43.27317253730906,-94.26079989966276,2024-05-26,16.25,21.349976,12.309998,3.7399902,19.065887,81.15997,3.9299927
osm-1360386537,43.27317253730906,-94.26079989966276,2024-05-27,16.130005,21.5,10.919983,5.51001,22.977217,75.609985,5.01001
osm-1360386537,43.27317253730906,-94.26079989966276,2024-05-28,14.169983,19.25,8.809998,1.1199951,24.711266,76.16998,4.590027
osm-1360386537,43.27317253730906,-94.26079989966276,2024-05-29,15.72998,22.460022,7.5300293,0.0,30.819746,69.140015,2.669983
osm-1360386537,43.27317253730906,-94.26079989966276,2024-05-30,18.559998,25.27002,11.099976,2.4699707,23.316769,73.32001,6.700012
osm-1360386537,43.27317253730906,-94.26079989966276,2024-05-31,18.940002,22.140015,16.52002,31.669983,9.291454,86.04999,3.3900146
osm-1360386537,43.27317253730906,-94.26079989966276,2024-06-01,19.46997,23.840027,15.169983,1.0,22.608288,70.859985,2.960022
osm-1360386537,43.27317253730906,-94.26079989966276,2024-06-02,19.130005,22.869995,13.080017,5.25,19.16093,79.96002,6.1400146
osm-1360386537,43.27317253730906,-94.26079989966276,2024-06-03,23.140015,28.23999,19.369995,1.8200073,27.45792,77.71002,4.130005
osm-1360386537,43.27317253730906,-94.26079989966276,2024-06-04,20.640015,27.359985,12.109985,17.75,17.850239,84.03998,5.1799927
osm-1360386537,43.27317253730906,-94.26079989966276,2024-06-05,18.159973,24.859985,10.700012,0.15002441,21.500639,66.98999,6.299988
osm-1360386537,43.27317253730906,-94.26079989966276,2024-06-06,17.26001,22.96997,11.25,0.0,31.634499,60.960022,7.6500244
osm-1360386537,43.27317253730906,-94.26079989966276,2024-06-07,17.460022,24.73999,10.570007,3.0300293,18.892221,68.0,3.4500122
osm-1360386537,43.27317253730906,-94.26079989966276,2024-06-08,18.169983,23.25,13.630005,1.039978,27.296352,70.71002,4.039978
osm-1360386537,43.27317253730906,-94.26079989966276,2024-06-09,17.859985,23.97998,11.5,0.039978027,30.104353,64.69,5.580017
osm-1360386537,43.27317253730906,-94.26079989966276,2024-06-10,17.01001,23.21997,10.0,0.0,28.554337,72.23999,2.6400146
osm-1360386537,43.27317253730906,-94.26079989966276,2024-06-11,20.47998,28.01001,13.549988,0.55999756,28.327103,69.16998,5.0599976
osm-1360386537,43.27317253730906,-94.26079989966276,2024-06-12,23.330017,28.549988,16.359985,6.299988,17.277407,74.20001,5.380005
osm-1360386537,43.27317253730906,-94.26079989966276,2024-06-13,22.309998,27.200012,16.369995,2.1400146,18.868898,72.01001,4.669983
osm-1360386537,43.27317253730906,-94.26079989966276,2024-06-14,20.429993,26.78003,12.710022,0.010009766,28.268353,65.640015,3.460022
osm-1360386537,43.27317253730906,-94.26079989966276,2024-06-15,20.789978,24.830017,16.71997,17.859985,10.275552,80.01001,6.6799927
osm-1360386537,43.27317253730906,-94.26079989966276,2024-06-16,25.78003,30.820007,21.72998,16.28003,27.180578,82.27002,6.169983
osm-1360386537,43.27317253730906,-94.26079989966276,2024-06-17,23.840027,28.679993,20.940002,19.080017,10.557217,88.78998,3.8400269
osm-1360386537,43.27317253730906,-94.26079989966276,2024-06-18,24.099976,28.25,17.590027,12.73999,15.395617,87.619995,8.460022
osm-1360386537,43.27317253730906,-94.26079989966276,2024-06-19,18.0,21.179993,15.190002,2.3200073,18.646849,78.07001,3.9000244
osm-1360386537,43.27317253730906,-94.26079989966276,2024-06-20,18.52002,21.26001,14.75,27.109985,10.420703,89.890015,2.5900269
osm-1360386537,43.27317253730906,-94.26079989966276,2024-06-21,24.52002,29.330017,18.330017,25.359985,15.35587,86.03003,2.7000122
osm-1360386537,43.27317253730906,-94.26079989966276,2024-06-22,24.119995,27.880005,18.099976,60.390015,13.483584,87.48999,5.2700195
osm-1360386537,43.27317253730906,-94.26079989966276,2024-06-23,22.77002,27.96997,15.640015,0.3499756,27.190083,78.04999,2.5499878
osm-1360386537,43.27317253730906,-94.26079989966276,2024-06-24,26.26001,31.080017,20.409973,2.1500244,25.93987,83.859985,6.0700073
osm-1360386537,43.27317253730906,-94.26079989966276,2024-06-25,24.700012,29.22998,19.909973,0.5800171,25.345438,77.859985,4.450012
osm-1360386537,43.27317253730906,-94.26079989966276,2024-06-26,21.570007,25.940002,16.830017,0.27001953,29.420065,76.359985,3.9500122
osm-1360386537,43.27317253730906,-94.26079989966276,2024-06-27,19.809998,24.78003,13.98999,10.590027,11.869633,88.0,4.210022
osm-1360386537,43.27317253730906,-94.26079989966276,2024-06-28,21.799988,26.630005,18.119995,24.820007,9.780481,90.09003,6.48999
osm-1360386537,43.27317253730906,-94.26079989966276,2024-06-29,18.109985,21.289978,12.210022,0.010009766,25.502687,76.82001,5.700012
osm-1360386537,43.27317253730906,-94.26079989966276,2024-06-30,16.619995,22.289978,9.460022,0.0,31.169666,72.51001,2.869995
osm-1360386537,43.27317253730906,-94.26079989966276,2024-07-01,17.119995,20.23999,13.429993,5.1400146,15.538178,76.82001,7.159973
osm-1360386537,43.27317253730906,-94.26079989966276,2024-07-02,19.340027,24.450012,14.580017,17.830017,8.6702385,89.130005,3.9400024
osm-1360386537,43.27317253730906,-94.26079989966276,2024-07-03,22.340027,28.080017,15.51001,1.6699829,27.908066,76.82001,4.01001
osm-1360386537,43.27317253730906,-94.26079989966276,2024-07-04,21.27002,25.710022,16.400024,20.0,15.434498,84.79999,4.419983
osm-1360386537,43.27317253730906,-94.26079989966276,2024-07-05,19.46997,23.080017,15.75,0.85998535,22.352547,81.40997,4.880005
osm-1360386537,43.27317253730906,-94.26079989966276,2024-07-06,20.78003,24.98999,15.880005,4.5,22.926239,79.46997,2.0200195
osm-1360386537,43.27317253730906,-94.26079989966276,2024-07-07,21.330017,25.72998,15.030029,3.75,25.163136,79.67999,2.2800293
osm-1360386537,43.27317253730906,-94.26079989966276,2024-07-08,21.619995,25.5,15.960022,0.4699707,26.853119,76.890015,2.669983
osm-1360386537,43.27317253730906,-94.26079989966276,2024-07-09,23.099976,27.869995,16.890015,1.539978,25.354946,71.19,1.8099976
osm-1360386537,43.27317253730906,-94.26079989966276,2024-07-10,20.840027,24.820007,17.01001,11.119995,19.67933,83.380005,2.580017
osm-1360386537,43.27317253730906,-94.26079989966276,2024-07-11,22.669983,28.309998,16.01001,0.0,27.2808,76.96997,2.0300293
osm-1360386537,43.27317253730906,-94.26079989966276,2024-07-12,23.080017,27.76001,17.0,0.039978027,27.762049,84.150024,4.6400146
osm-1360386537,43.27317253730906,-94.26079989966276,2024-07-13,25.330017,29.659973,20.809998,0.38000488,22.801823,87.26001,3.4799805
osm-1360386537,43.27317253730906,-94.26079989966276,2024-07-14,25.590027,30.359985,20.799988,0.32000732,23.26147,85.66998,2.8200073
osm-1360386537,43.27317253730906,-94.26079989966276,2024-07-15,24.669983,30.580017,19.25,2.6400146,14.592962,86.76001,4.159973
osm-1360386537,43.27317253730906,-94.26079989966276,2024-07-16,20.909973,25.349976,16.330017,0.070007324,23.606207,80.17999,3.4500122
osm-1360386537,43.27317253730906,-94.26079989966276,2024-07-17,18.659973,22.330017,14.710022,0.0,27.494205,75.95001,3.960022
osm-1360386537,43.27317253730906,-94.26079989966276,2024-07-18,19.309998,23.820007,14.659973,0.0,27.132195,70.26001,1.4699707
osm-1360386537,43.27317253730906,-94.26079989966276,2024-07-19,19.940002,25.330017,13.650024,0.15997314,14.712194,78.54999,3.830017
osm-1360386537,43.27317253730906,-94.26079989966276,2024-07-20,21.080017,24.710022,16.23999,3.7600098,16.266531,82.27002,2.2999878
osm-1360386537,43.27317253730906,-94.26079989966276,2024-07-21,21.349976,25.0,16.349976,1.9099731,19.941984,81.75,1.3599854
osm-1360386537,43.27317253730906,-94.26079989966276,2024-07-22,22.46997,26.700012,17.299988,2.4500122,23.658915,82.099976,1.8099976
osm-1360386537,43.27317253730906,-94.26079989966276,2024-07-23,22.650024,27.03003,18.679993,1.3499756,16.019423,85.92999,2.5700073
osm-1360386537,43.27317253730906,-94.26079989966276,2024-07-24,21.309998,25.51001,18.0,4.289978,15.854401,87.09003,2.7800293
osm-1360386537,43.27317253730906,-94.26079989966276,2024-07-25,21.429993,26.650024,15.440002,0.010009766,21.682947,86.25,3.9299927
osm-1360386537,43.27317253730906,-94.26079989966276,2024-07-26,24.169983,30.119995,18.02002,0.049987793,19.655136,82.95001,5.200012
osm-1360386537,43.27317253730906,-94.26079989966276,2024-07-27,25.090027,30.369995,20.570007,0.0,23.676195,77.95001,5.73999
osm-1360386537,43.27317253730906,-94.26079989966276,2024-07-28,24.03003,29.48999,18.140015,3.1400146,23.475746,80.34003,4.6900024
osm-1360386537,43.27317253730906,-94.26079989966276,2024-07-29,24.890015,28.650024,21.02002,2.3499756,24.422688,83.390015,2.0499878
osm-1360386537,43.27317253730906,-94.26079989966276,2024-07-30,25.46997,29.690002,20.919983,0.39001465,19.648222,83.33002,2.3499756
osm-1360386537,43.27317253730906,-94.26079989966276,2024-07-31,26.090027,30.090027,22.900024,15.679993,22.582369,90.66998,3.460022
osm-1360386537,43.27317253730906,-94.26079989966276,2024-08-01,23.0,25.450012,20.070007,12.98999,21.624195,87.84003,3.0
osm-1360386537,43.27317253730906,-94.26079989966276,2024-08-02,24.150024,30.179993,17.53003,0.0,27.318817,80.08002,3.2299805
osm-1360386537,43.27317253730906,-94.26079989966276,2024-08-03,24.580017,30.059998,18.409973,0.070007324,26.306206,77.619995,2.210022
osm-1360386537,43.27317253730906,-94.26079989966276,2024-08-04,23.859985,27.929993,19.039978,0.89001465,9.650882,86.70001,2.6900024
osm-1360386537,43.27317253730906,-94.26079989966276,2024-08-05,24.820007,31.849976,16.700012,9.030029,15.589151,83.900024,4.3099976
osm-1360386537,43.27317253730906,-94.26079989966276,2024-08-06,18.21997,22.570007,13.669983,0.22998047,22.47264,76.56,4.7800293
osm-1360386537,43.27317253730906,-94.26079989966276,2024-08-07,20.25,25.349976,13.48999,0.030029297,17.535746,75.53003,2.5999756
osm-1360386537,43.27317253730906,-94.26079989966276,2024-08-08,17.570007,20.650024,12.51001,0.020019531,24.935904,74.03998,5.3599854
osm-1360386537,43.27317253730906,-94.26079989966276,2024-08-09,15.219971,20.049988,10.409973,0.0,23.383297,73.97998,5.0200195
osm-1360386537,43.27317253730906,-94.26079989966276,2024-08-10,16.460022,21.909973,9.809998,0.0,25.538979,71.28003,3.4699707
osm-1360386537,43.27317253730906,-94.26079989966276,2024-08-11,19.309998,25.080017,13.22998,0.97998047,21.008163,69.81,1.710022
osm-1360386537,43.27317253730906,-94.26079989966276,2024-08-12,18.880005,23.119995,15.669983,1.0200195,14.940287,82.40997,2.1900024
osm-1360386537,43.27317253730906,-94.26079989966276,2024-08-13,20.169983,24.98999,14.309998,0.08001709,18.357407,81.75,3.0999756
osm-1360386537,43.27317253730906,-94.26079989966276,2024-08-14,19.27002,22.25,17.01001,21.890015,5.5321946,89.40997,5.880005
osm-1360386537,43.27317253730906,-94.26079989966276,2024-08-15,21.890015,26.619995,18.320007,2.289978,19.98778,87.07001,4.460022
osm-1360386537,43.27317253730906,-94.26079989966276,2024-08-16,21.26001,24.950012,17.51001,1.1900024,13.4317465,84.92999,6.26001
osm-1360386537,43.27317253730906,-94.26079989966276,2024-08-17,20.619995,24.76001,16.900024,0.28997803,15.29453,85.71002,4.9799805
osm-1360386537,43.27317253730906,-94.26079989966276,2024-08-18,21.650024,26.940002,15.929993,0.0,22.309347,81.849976,2.4799805
osm-1360386537,43.27317253730906,-94.26079989966276,2024-08-19,20.27002,24.96997,15.369995,0.0,23.965633,74.400024,2.3400269
osm-1360386537,43.27317253730906,-94.26079989966276,2024-08-20,19.02002,22.799988,15.789978,1.5599976,9.544605,78.46002,2.4500122
osm-1360386537,43.27317253730906,-94.26079989966276,2024-08-21,18.98999,24.52002,14.840027,0.27001953,21.703682,80.81,4.3200073
osm-1360386537,43.27317253730906,-94.26079989966276,2024-08-22,18.72998,24.73999,13.669983,0.0,16.081633,65.26001,5.630005
osm-1360386537,43.27317253730906,-94.26079989966276,2024-08-23,20.679993,27.710022,14.859985,0.049987793,19.073666,63.580017,4.4000244
osm-1360386537,43.27317253730906,-94.26079989966276,2024-08-24,22.340027,28.73999,15.219971,0.0,19.179935,73.84003,4.2700195
osm-1360386537,43.27317253730906,-94.26079989966276,2024-08-25,26.169983,30.849976,22.150024,0.05999756,15.64013,86.46997,3.5900269
osm-1360386537,43.27317253730906,-94.26079989966276,2024-08-26,27.52002,32.27002,21.900024,1.9500122,21.823778,80.48999,1.4099731
osm-1360386537,43.27317253730906,-94.26079989966276,2024-08-27,22.869995,26.46997,18.340027,1.3099976,13.909535,85.27002,3.0900269
osm-1360386537,43.27317253730906,-94.26079989966276,2024-08-28,22.48999,27.840027,16.900024,0.27001953,21.384,80.72998,2.3499756
osm-1360386537,43.27317253730906,-94.26079989966276,2024-08-29,23.909973,28.659973,17.679993,21.070007,13.441249,86.66998,4.6099854
osm-1360386537,43.27317253730906,-94.26079989966276,2024-08-30,19.349976,24.679993,15.390015,4.0599976,22.765535,75.08002,3.330017
osm-1360386537,43.27317253730906,-94.26079989966276,2024-08-31,20.289978,27.140015,13.179993,0.0,23.131006,70.82001,4.2700195
osm-1360386537,43.27317253730906,-94.26079989966276,2024-09-01,16.98999,21.830017,12.549988,0.0,23.8896,70.98999,3.9299927
osm-1360386537,43.27317253730906,-94.26079989966276,2024-09-02,16.77002,22.869995,10.830017,0.0,22.265282,66.22998,2.9699707
osm-1360386537,43.27317253730906,-94.26079989966276,2024-09-03,17.890015,25.210022,11.559998,0.0,23.468834,59.590027,5.5999756
osm-1360386537,43.27317253730906,-94.26079989966276,2024-09-04,19.900024,27.650024,11.700012,0.0,22.545218,60.76001,6.080017
osm-1360386537,43.27317253730906,-94.26079989966276,2024-09-05,19.22998,24.130005,13.349976,1.5100098,18.70733,73.91998,4.950012
osm-1360386537,43.27317253730906,-94.26079989966276,2024-09-06,15.030029,20.77002,9.659973,0.539978,19.599838,71.77002,3.9299927
osm-1360386537,43.27317253730906,-94.26079989966276,2024-09-07,14.900024,21.869995,7.76001,0.0,20.725634,69.75,1.9500122
osm-1360386537,43.27317253730906,-94.26079989966276,2024-09-08,16.460022,24.309998,9.059998,0.0,20.259935,62.97998,4.049988
osm-1360386537,43.27317253730906,-94.26079989966276,2024-09-09,19.320007,28.119995,11.070007,0.0,19.65427,57.539978,4.7800293
osm-1360386537,43.27317253730906,-94.26079989966276,2024-09-10,20.559998,28.369995,14.820007,0.010009766,11.385795,51.28003,6.9000244
osm-1360386537,43.27317253730906,-94.26079989966276,2024-09-11,20.820007,30.03003,13.869995,0.070007324,19.293983,51.049988,4.409973
osm-1360386537,43.27317253730906,-94.26079989966276,2024-09-12,20.609985,28.22998,14.630005,0.0,18.292606,58.73999,4.6900024
osm-1360386537,43.27317253730906,-94.26079989966276,2024-09-13,19.659973,26.97998,14.340027,0.0,18.044638,63.059998,4.1900024
osm-1360386537,43.27317253730906,-94.26079989966276,2024-09-14,20.77002,26.27002,15.690002,0.72998047,10.126081,77.83002,2.8200073
osm-1360386537,43.27317253730906,-94.26079989966276,2024-09-15,23.48999,30.169983,17.02002,0.030029297,18.259779,73.76001,3.789978
osm-1360386537,43.27317253730906,-94.26079989966276,2024-09-16,23.559998,29.73999,18.400024,0.42999268,17.71373,61.700012,4.3599854
osm-1360386537,43.27317253730906,-94.26079989966276,2024-09-17,23.059998,29.340027,19.71997,0.17999268,14.438303,63.21997,5.7800293
osm-1360386537,43.27317253730906,-94.26079989966276,2024-09-18,22.869995,28.119995,18.609985,5.2199707,8.09827,68.66998,5.830017
osm-1360386537,43.27317253730906,-94.26079989966276,2024-09-19,22.950012,29.619995,17.799988,4.080017,12.347422,72.900024,4.6900024
osm-1360386537,43.27317253730906,-94.26079989966276,2024-09-20,22.140015,29.950012,14.590027,0.0,18.857666,59.099976,3.3099976
osm-1360386537,43.27317253730906,-94.26079989966276,2024-09-21,22.039978,29.880005,16.140015,0.020019531,17.507233,55.369995,5.700012
osm-1360386537,43.27317253730906,-94.26079989966276,2024-09-22,15.23999,20.919983,10.390015,0.0,15.651362,57.77002,4.960022
osm-1360386537,43.27317253730906,-94.26079989966276,2024-09-23,14.210022,21.27002,7.340027,0.0,19.193762,59.580017,3.0599976
osm-1360386537,43.27317253730906,-94.26079989966276,2024-09-24,16.570007,23.159973,10.909973,0.72998047,15.408579,63.26001,2.3200073
osm-1360386537,43.27317253730906,-94.26079989966276,2024-09-25,18.159973,25.700012,10.98999,0.0,18.595871,59.059998,2.25
osm-1360386537,43.27317253730906,-94.26079989966276,2024-09-26,18.909973,27.109985,12.049988,0.0,17.742239,57.059998,3.4500122
osm-1360386537,43.27317253730906,-94.26079989966276,2024-09-27,19.52002,27.880005,13.030029,0.0,18.009216,57.130005,2.4400024
osm-1360386537,43.27317253730906,-94.26079989966276,2024-09-28,20.03003,29.179993,12.460022,0.0,17.827778,60.169983,3.3099976
osm-1360386537,43.27317253730906,-94.26079989966276,2024-09-29,20.26001,29.059998,13.450012,0.0,17.37072,61.5,2.8900146
osm-1360386537,43.27317253730906,-94.26079989966276,2024-09-30,19.71997,29.640015,12.97998,0.0,16.504995,55.859985,6.8099976
osm-1360386537,43.27317253730906,-94.26079989966276,2024-10-01,13.119995,19.299988,7.169983,0.0,16.771103,43.619995,4.3900146
osm-1360386537,43.27317253730906,-94.26079989966276,2024-10-02,16.090027,25.549988,8.700012,0.0,17.001795,39.580017,6.799988
osm-1360386537,43.27317253730906,-94.26079989966276,2024-10-03,15.049988,22.669983,10.080017,0.0,14.333762,58.419983,5.2700195
osm-1360386537,43.27317253730906,-94.26079989966276,2024-10-04,13.859985,22.130005,6.5200195,0.0,16.931807,52.27002,4.23999
osm-1360386537,43.27317253730906,-94.26079989966276,2024-10-05,17.340027,28.940002,10.679993,0.0,14.6819515,61.409973,6.7299805
osm-1360386537,43.27317253730906,-94.26079989966276,2024-10-06,12.349976,18.5,6.8599854,0.0,17.30333,45.25,6.080017
osm-1360386537,43.27317253730906,-94.26079989966276,2024-10-07,12.570007,19.869995,5.3900146,0.0,16.264801,45.46997,2.0200195
osm-1360386537,43.27317253730906,-94.26079989966276,2024-10-08,15.340027,25.369995,7.380005,0.0,15.213314,44.96997,2.6599731
osm-1360386537,43.27317253730906,-94.26079989966276,2024-10-09,15.73999,25.96997,8.409973,0.0,14.811552,55.669983,2.5900269
osm-1360386537,43.27317253730906,-94.26079989966276,2024-10-10,17.409973,27.700012,8.780029,0.0,14.8841305,54.51001,4.2800293
osm-1360386537,43.27317253730906,-94.26079989966276,2024-10-11,17.01001,24.01001,12.25,0.0,11.980222,52.929993,4.789978
osm-1360386537,43.27317253730906,-94.26079989966276,2024-10-12,12.859985,18.72998,8.0,0.010009766,7.7448974,68.869995,3.0999756
osm-1360386537,43.27317253730906,-94.26079989966276,2024-10-13,9.47998,13.940002,6.119995,0.0,13.973471,58.789978,8.200012
osm-1360386537,43.27317253730906,-94.26079989966276,2024-10-14,6.0700073,11.440002,1.539978,0.010009766,7.1478705,63.609985,3.0999756
osm-1360386537,43.27317253730906,-94.26079989966276,2024-10-15,5.7700195,12.48999,0.5999756,0.0,15.507071,63.340027,3.380005
osm-1360386537,43.27317253730906,-94.26079989966276,2024-10-16,7.380005,15.940002,-0.6199951,0.0,15.751584,46.52002,5.419983
osm-1360386537,43.27317253730906,-94.26079989966276,2024-10-17,12.140015,21.640015,4.630005,0.0,14.696638,37.400024,9.75
osm-1360386537,43.27317253730906,-94.26079989966276,2024-10-18,15.090027,23.53003,7.700012,0.10998535,13.760065,43.559998,7.6500244
osm-1360386537,43.27317253730906,-94.26079989966276,2024-10-19,16.75,23.890015,10.940002,0.0,8.582978,54.450012,4.8900146
osm-1360386537,43.27317253730906,-94.26079989966276,2024-10-20,19.51001,27.78003,13.419983,0.0,13.06973,59.390015,6.330017
osm-1360386537,43.27317253730906,-94.26079989966276,2024-10-21,18.75,26.119995,13.820007,0.0,10.115714,42.429993,5.669983
osm-1360386537,43.27317253730906,-94.26079989966276,2024-10-22,17.23999,23.679993,11.73999,0.010009766,12.473568,52.72998,5.5
osm-1360386537,43.27317253730906,-94.26079989966276,2024-10-23,10.01001,15.659973,5.4699707,0.0,14.342401,50.450012,4.26001
osm-1360386537,43.27317253730906,-94.26079989966276,2024-10-24,10.710022,17.309998,5.130005,1.3300171,7.382016,52.390015,5.090027
osm-1360386537,43.27317253730906,-94.26079989966276,2024-10-25,8.75,15.01001,3.7600098,0.0,13.124163,66.33002,4.75
osm-1360386537,43.27317253730906,-94.26079989966276,2024-10-26,8.700012,16.409973,2.9099731,0.0,11.895552,45.669983,3.539978
osm-1360386537,43.27317253730906,-94.26079989966276,2024-10-27,11.140015,19.909973,4.25,0.0,12.116735,43.02002,6.7299805
osm-1360386537,43.27317253730906,-94.26079989966276,2024-10-28,16.190002,23.159973,10.549988,0.0,10.342946,72.02002,6.9699707
osm-1360386537,43.27317253730906,-94.26079989966276,2024-10-29,19.890015,26.090027,12.380005,0.0,9.856514,70.5,6.159973
osm-1360386537,43.27317253730906,-94.26079989966276,2024-10-30,13.719971,22.76001,7.840027,14.539978,3.4119353,77.15997,6.4299927
osm-1360386537,43.27317253730906,-94.26079989966276,2024-10-31,3.380005,7.75,-0.9699707,8.330017,5.932222,77.57001,7.630005
osm-1360386537,43.27317253730906,-94.26079989966276,2024-11-01,4.5300293,12.789978,-1.1699829,0.0,9.065951,64.28998,3.5999756
osm-1360386537,43.27317253730906,-94.26079989966276,2024-11-02,8.169983,16.349976,1.9699707,1.2600098,8.409314,70.94,4.840027
osm-1360386537,43.27317253730906,-94.26079989966276,2024-11-03,9.349976,12.450012,6.909973,3.7600098,2.4684486,92.75,5.5599976
osm-1360386537,43.27317253730906,-94.26079989966276,2024-11-04,11.349976,14.73999,6.710022,11.030029,3.805919,84.21002,4.4400024
osm-1360386537,43.27317253730906,-94.26079989966276,2024-11-05,5.1799927,8.390015,1.539978,9.539978,3.5717783,90.20001,4.8599854
osm-1360386537,43.27317253730906,-94.26079989966276,2024-11-06,5.5599976,11.830017,1.2399902,0.08001709,8.331552,77.03003,1.5999756
osm-1360386537,43.27317253730906,-94.26079989966276,2024-11-07,5.3599854,12.640015,0.099975586,0.0,10.609055,74.94,3.9400024
osm-1360386537,43.27317253730906,-94.26079989966276,2024-11-08,6.5599976,13.549988,1.4199829,0.0,10.265184,74.130005,3.3099976
osm-1360386537,43.27317253730906,-94.26079989966276,2024-11-09,8.030029,11.820007,5.1500244,1.8400269,3.1821136,80.95001,6.1799927
osm-1360386537,43.27317253730906,-94.26079989966276,2024-11-10,9.200012,13.72998,6.6500244,3.119995,5.7386866,85.44,4.5999756
osm-1360386537,43.27317253730906,-94.26079989966276,2024-11-11,3.869995,8.630005,-0.34002686,0.020019531,10.73693,73.119995,5.830017
osm-1360386537,43.27317253730906,-94.26079989966276,2024-11-12,3.4299927,10.27002,-1.8699951,0.0,10.429346,73.52002,6.9000244
osm-1360386537,43.27317253730906,-94.26079989966276,2024-11-13,4.2299805,7.159973,1.8900146,9.049988,1.939681,92.869995,4.919983
osm-1360386537,43.27317253730906,-94.26079989966276,2024-11-14,5.1400146,9.380005,1.0,0.039978027,3.7091515,86.90997,3.4000244
osm-1360386537,43.27317253730906,-94.26079989966276,2024-11-15,5.5999756,14.690002,-1.210022,0.0,8.836995,80.44,4.299988
osm-1360386537,43.27317253730906,-94.26079989966276,2024-11-16,9.539978,15.719971,4.549988,0.0,8.5596485,77.619995,9.169983
osm-1360386537,43.27317253730906,-94.26079989966276,2024-11-17,6.460022,13.630005,1.0999756,0.0,9.724319,70.53003,4.200012
osm-1360386537,43.27317253730906,-94.26079989966276,2024-11-18,7.1400146,14.710022,0.9699707,30.77002,3.0386865,94.28998,6.0
osm-1360386537,43.27317253730906,-94.26079989966276,2024-11-19,7.6400146,12.51001,1.7399902,0.72998047,3.6668162,77.08002,8.900024
osm-1360386537,43.27317253730906,-94.26079989966276,2024-11-20,-1.0200195,1.0,-3.8200073,0.5800171,3.1233623,68.71002,9.909973
osm-1360386537,43.27317253730906,-94.26079989966276,2024-11-21,-1.6799927,3.1400146,-4.0,0.010009766,8.119005,76.27002,8.940002
osm-1360386537,43.27317253730906,-94.26079989966276,2024-11-22,-0.9000244,4.01001,-4.380005,0.0,7.9876814,79.28003,3.1900024
osm-1360386537,43.27317253730906,-94.26079989966276,2024-11-23,2.1099854,6.830017,-1.6699829,0.0,6.950881,78.099976,2.869995
osm-1360386537,43.27317253730906,-94.26079989966276,2024-11-24,3.169983,6.380005,0.6300049,0.020019531,3.0697947,85.22998,4.51001
osm-1360386537,43.27317253730906,-94.26079989966276,2024-11-25,-2.4400024,2.0900269,-6.0,0.039978027,9.001152,68.73999,7.450012
osm-1360386537,43.27317253730906,-94.26079989966276,2024-11-26,-3.080017,2.2700195,-6.0599976,0.0,8.322914,74.150024,2.0599976
osm-1360386537,43.27317253730906,-94.26079989966276,2024-11-27,-3.4899902,-1.039978,-4.6799927,0.010009766,5.820768,76.31,5.5
osm-1360386537,43.27317253730906,-94.26079989966276,2024-11-28,-6.4400024,-3.7999878,-11.219971,0.010009766,2.898719,72.28003,6.869995
osm-1360386537,43.27317253730906,-94.26079989966276,2024-11-29,-10.590027,-6.419983,-13.039978,0.0,9.315649,64.21002,6.039978
osm-1360386537,43.27317253730906,-94.26079989966276,2024-11-30,-10.450012,-6.4699707,-13.640015,0.0,8.125919,64.03998,4.7700195
osm-1360386537,43.27317253730906,-94.26079989966276,2024-12-01,-9.619995,-5.700012,-14.099976,0.13000488,8.868962,73.130005,3.6900024
osm-1360386537,43.27317253730906,-94.26079989966276,2024-12-02,-7.3599854,-5.0,-10.099976,0.4000244,6.8212814,78.17999,4.73999
osm-1360386537,43.27317253730906,-94.26079989966276,2024-12-03,-5.549988,0.38000488,-10.72998,0.0,6.918914,78.06,6.049988
osm-1360386537,43.27317253730906,-94.26079989966276,2024-12-04,-5.549988,1.9299927,-12.869995,0.0,5.698081,72.92999,11.349976
osm-1360386537,43.27317253730906,-94.26079989966276,2024-12-05,-10.789978,-6.9299927,-14.049988,0.0,8.451649,69.58002,5.340027
osm-1360386537,43.27317253730906,-94.26079989966276,2024-12-06,-4.200012,3.75,-9.900024,0.0,7.7492166,72.06,4.380005
osm-1360386537,43.27317253730906,-94.26079989966276,2024-12-07,0.73999023,5.210022,-2.669983,0.0,7.093438,82.95001,6.1400146
osm-1360386537,43.27317253730906,-94.26079989966276,2024-12-08,2.9000244,9.169983,-0.26000977,0.0,5.4129624,86.21997,4.5300293
osm-1360386537,43.27317253730906,-94.26079989966276,2024-12-09,0.17999268,5.7299805,-3.960022,0.0,5.2652164,75.349976,8.169983
osm-1360386537,43.27317253730906,-94.26079989966276,2024-12-10,-2.580017,1.2800293,-5.119995,0.11999512,2.6732163,70.72998,4.6500244
osm-1360386537,43.27317253730906,-94.26079989966276,2024-12-11,-11.900024,-3.9099731,-17.559998,0.10998535,6.488638,64.71002,8.23999
osm-1360386537,43.27317253730906,-94.26079989966276,2024-12-12,-15.880005,-12.51001,-18.359985,0.0,3.322946,64.02002,2.7999878
osm-1360386537,43.27317253730906,-94.26079989966276,2024-12-13,-11.869995,-7.460022,-16.559998,0.070007324,4.985281,62.27002,6.590027
osm-1360386537,43.27317253730906,-94.26079989966276,2024-12-14,-4.0700073,-1.8200073,-7.8499756,0.5499878,1.1067839,89.72998,5.590027
osm-1360386537,43.27317253730906,-94.26079989966276,2024-12-15,-0.3300171,2.630005,-2.619995,0.10998535,2.5824974,94.08002,4.8099976
osm-1360386537,43.27317253730906,-94.26079989966276,2024-12-16,0.35998535,5.76001,-2.8900146,0.039978027,7.356962,82.640015,6.710022
osm-1360386537,43.27317253730906,-94.26079989966276,2024-12-17,-3.5900269,-2.5300293,-4.580017,4.5200195,2.0191677,82.78998,3.1900024
osm-1360386537,43.27317253730906,-94.26079989966276,2024-12-18,-6.710022,-2.9500122,-10.119995,0.10998535,2.3535352,75.0,4.169983
osm-1360386537,43.27317253730906,-94.26079989966276,2024-12-19,-4.7700195,0.22998047,-7.299988,3.1599731,2.3863676,87.94,8.219971
osm-1360386537,43.27317253730906,-94.26079989966276,2024-12-20,-9.090027,-6.4400024,-11.51001,0.05999756,3.5709136,76.72998,5.210022
osm-1360386537,43.27317253730906,-94.26079989966276,2024-12-21,-8.950012,-3.1799927,-13.960022,0.0,2.372546,81.44,4.630005
osm-1360386537,43.27317253730906,-94.26079989966276,2024-12-22,-2.9500122,1.4500122,-8.159973,0.0,2.5989134,92.369995,6.659973
osm-1360386537,43.27317253730906,-94.26079989966276,2024-12-23,-2.0300293,0.55999756,-4.6500244,0.010009766,3.301346,93.27002,4.669983
osm-1360386537,43.27317253730906,-94.26079989966276,2024-12-24,-2.880005,1.039978,-5.0300293,0.020019531,1.7038056,93.84003,2.5499878
osm-1360386537,43.27317253730906,-94.26079989966276,2024-12-25,-1.1699829,1.5900269,-3.4000244,0.020019531,2.5557137,92.900024,4.5700073
osm-1360386537,43.27317253730906,-94.26079989966276,2024-12-26,0.51000977,2.080017,-1.1099854,0.4699707,2.7984974,97.46997,4.6900024
osm-1360386537,43.27317253730906,-94.26079989966276,2024-12-27,1.789978,3.080017,1.0499878,11.299988,2.121119,98.47998,3.0599976
osm-1360386537,43.27317253730906,-94.26079989966276,2024-12-28,1.5100098,5.8499756,-0.59002686,0.049987793,7.8338866,95.34003,4.0999756
osm-1360386537,43.27317253730906,-94.26079989966276,2024-12-29,0.7199707,3.4799805,-1.0,0.15002441,3.6754541,95.109985,2.080017
osm-1360386537,43.27317253730906,-94.26079989966276,2024-12-30,0.0,2.4799805,-1.4099731,0.90997314,1.8930217,96.400024,3.2399902
osm-1360386537,43.27317253730906,-94.26079989966276,2024-12-31,-2.369995,-0.3499756,-4.26001,0.010009766,2.2299838,71.46002,8.179993
osm-1360394834,43.28292541371316,-94.2500127817536,2024-01-01,-5.8900146,-0.40997314,-10.630005,0.0,6.9552,84.41998,4.01001
osm-1360394834,43.28292541371316,-94.2500127817536,2024-01-02,-2.8900146,3.0100098,-5.950012,0.0,3.8154218,90.66998,4.5300293
osm-1360394834,43.28292541371316,-94.2500127817536,2024-01-03,-3.7700195,0.77001953,-7.700012,0.0,2.9764812,83.21002,4.25
osm-1360394834,43.28292541371316,-94.2500127817536,2024-01-04,-5.1799927,-0.7999878,-8.51001,0.0,3.3454056,79.34003,2.380005
osm-1360394834,43.28292541371316,-94.2500127817536,2024-01-05,-2.460022,0.32000732,-5.73999,0.0,5.1572165,85.17999,4.0200195
osm-1360394834,43.28292541371316,-94.2500127817536,2024-01-06,-2.2700195,1.2199707,-4.6400146,0.10998535,2.1479027,89.02002,3.7600098
osm-1360394834,43.28292541371316,-94.2500127817536,2024-01-07,-4.51001,-1.039978,-7.3499756,0.05999756,6.627746,77.31,3.419983
osm-1360394834,43.28292541371316,-94.2500127817536,2024-01-08,-2.789978,-0.46002197,-4.7800293,2.6599731,3.1821136,87.73999,5.200012
osm-1360394834,43.28292541371316,-94.2500127817536,2024-01-09,-3.4799805,-1.1199951,-8.609985,2.3099976,2.9790704,89.04999,8.090027
osm-1360394834,43.28292541371316,-94.2500127817536,2024-01-10,-6.119995,-2.5599976,-8.809998,2.7299805,2.164319,86.70001,3.8900146
osm-1360394834,43.28292541371316,-94.2500127817536,2024-01-11,-10.869995,-7.1099854,-13.530029,0.5700073,4.2880325,77.79999,5.210022
osm-1360394834,43.28292541371316,-94.2500127817536,2024-01-12,-13.039978,-11.969971,-13.919983,3.3200073,3.913919,84.27002,10.909973
osm-1360394834,43.28292541371316,-94.2500127817536,2024-01-13,-19.890015,-13.700012,-24.22998,0.6500244,3.8508487,80.84003,11.690002
osm-1360394834,43.28292541371316,-94.2500127817536,2024-01-14,-22.76001,-17.330017,-26.52002,0.030029297,6.8808975,82.140015,6.909973
osm-1360394834,43.28292541371316,-94.2500127817536,2024-01-15,-22.21997,-16.27002,-26.939941,0.0,6.7953625,82.21002,6.4699707
osm-1360394834,43.28292541371316,-94.2500127817536,2024-01-16,-19.77002,-13.179993,-25.26001,0.0,6.249314,81.119995,7.3099976
osm-1360394834,43.28292541371316,-94.2500127817536,2024-01-17,-14.650024,-8.859985,-20.619995,0.0,4.891103,81.04999,4.26001
osm-1360394834,43.28292541371316,-94.2500127817536,2024-01-18,-14.700012,-12.840027,-17.640015,3.7000122,5.6194544,85.98999,5.380005
osm-1360394834,43.28292541371316,-94.2500127817536,2024-01-19,-17.640015,-15.190002,-22.909973,0.05999756,8.577795,81.359985,6.580017
osm-1360394834,43.28292541371316,-94.2500127817536,2024-01-20,-19.159973,-12.789978,-23.409973,0.0,7.1280003,89.880005,3.9400024
osm-1360394834,43.28292541371316,-94.2500127817536,2024-01-21,-11.969971,-6.580017,-19.429993,0.0,4.978368,87.65997,9.580017
osm-1360394834,43.28292541371316,-94.2500127817536,2024-01-22,-2.2199707,1.0300293,-6.0700073,0.030029297,7.2403193,90.56,4.2700195
osm-1360394834,43.28292541371316,-94.2500127817536,2024-01-23,-2.0100098,0.55999756,-4.1900024,0.030029297,3.0818865,95.369995,2.619995
osm-1360394834,43.28292541371316,-94.2500127817536,2024-01-24,-0.6500244,1.9500122,-3.6799927,0.099975586,4.4513297,95.099976,2.9500122
osm-1360394834,43.28292541371316,-94.2500127817536,2024-01-25,0.539978,2.7999878,-1.0900269,0.3499756,4.2050867,94.21002,1.4000244
osm-1360394834,43.28292541371316,-94.2500127817536,2024-01-26,0.020019531,3.6400146,-2.9699707,0.52001953,3.4162543,94.47998,3.0599976
osm-1360394834,43.28292541371316,-94.2500127817536,2024-01-27,-1.5800171,2.789978,-3.539978,0.020019531,5.1140165,93.44,3.0
osm-1360394834,43.28292541371316,-94.2500127817536,2024-01-28,-0.539978,5.1900024,-2.630005,0.010009766,7.9738545,91.72998,3.2800293
osm-1360394834,43.28292541371316,-94.2500127817536,2024-01-29,1.9500122,9.849976,-2.2399902,0.0,10.112254,90.73999,5.909973
osm-1360394834,43.28292541371316,-94.2500127817536,2024-01-30,0.6300049,5.669983,-2.4500122,0.0,5.1183352,89.630005,4.9000244
osm-1360394834,43.28292541371316,-94.2500127817536,2024-01-31,2.869995,11.419983,-1.5499878,0.010009766,10.414655,91.15997,5.3499756
osm-1360394834,43.28292541371316,-94.2500127817536,2024-02-01,3.1900024,11.929993,-1.0100098,0.020019531,10.490686,87.51001,4.119995
osm-1360394834,43.28292541371316,-94.2500127817536,2024-02-02,1.0499878,7.169983,-2.039978,0.010009766,7.1064,86.27002,6.289978
osm-1360394834,43.28292541371316,-94.2500127817536,2024-02-03,0.6500244,6.51001,-2.3200073,0.010009766,6.6502056,86.640015,5.3200073
osm-1360394834,43.28292541371316,-94.2500127817536,2024-02-04,0.32000732,7.0300293,-2.8099976,0.0,8.894016,83.900024,3.619995
osm-1360394834,43.28292541371316,-94.2500127817536,2024-02-05,2.0499878,8.530029,-1.9799805,0.0,8.863778,77.70001,2.1099854
osm-1360394834,43.28292541371316,-94.2500127817536,2024-02-06,3.2199707,10.549988,-1.6199951,0.0,8.741952,74.06,5.380005
osm-1360394834,43.28292541371316,-94.2500127817536,2024-02-07,6.0,10.26001,2.130005,0.030029297,5.102784,77.619995,9.119995
osm-1360394834,43.28292541371316,-94.2500127817536,2024-02-08,5.409973,10.419983,-0.16998291,1.6099854,3.4145298,85.53998,10.390015
osm-1360394834,43.28292541371316,-94.2500127817536,2024-02-09,-0.5700073,3.1400146,-3.0700073,0.010009766,4.950719,80.21997,6.330017
osm-1360394834,43.28292541371316,-94.2500127817536,2024-02-10,-1.5700073,2.8400269,-3.830017,0.0,9.125567,74.02002,4.76001
osm-1360394834,43.28292541371316,-94.2500127817536,2024-02-11,-0.60998535,4.590027,-3.5300293,0.010009766,12.686978,72.98999,4.0200195
osm-1360394834,43.28292541371316,-94.2500127817536,2024-02-12,0.13000488,7.8599854,-3.5499878,0.0,13.346206,75.65997,4.380005
osm-1360394834,43.28292541371316,-94.2500127817536,2024-02-13,-0.15997314,4.630005,-3.369995,0.0,12.475298,77.06,1.5999756
osm-1360394834,43.28292541371316,-94.2500127817536,2024-02-14,0.3300171,5.590027,-2.8900146,3.789978,7.418303,85.140015,3.9000244
osm-1360394834,43.28292541371316,-94.2500127817536,2024-02-15,-3.1799927,1.1099854,-6.7199707,0.039978027,13.189822,66.28003,5.4299927
osm-1360394834,43.28292541371316,-94.2500127817536,2024-02-16,-7.299988,-4.1799927,-12.97998,0.049987793,6.562946,60.409973,6.5999756
osm-1360394834,43.28292541371316,-94.2500127817536,2024-02-17,-6.3599854,0.3499756,-13.580017,0.0,13.766978,64.650024,8.809998
osm-1360394834,43.28292541371316,-94.2500127817536,2024-02-18,-1.3699951,4.710022,-6.830017,0.0,14.866849,67.46997,4.0599976
osm-1360394834,43.28292541371316,-94.2500127817536,2024-02-19,1.2199707,10.130005,-4.289978,0.0,13.312513,73.03003,4.950012
osm-1360394834,43.28292541371316,-94.2500127817536,2024-02-20,2.8599854,9.780029,-2.7700195,0.0,14.141087,76.44,3.1799927
osm-1360394834,43.28292541371316,-94.2500127817536,2024-02-21,3.2999878,8.5,-2.539978,0.0,9.573119,68.390015,2.1400146
osm-1360394834,43.28292541371316,-94.2500127817536,2024-02-22,4.3200073,11.469971,-0.9299927,0.0,14.396832,71.04999,5.090027
osm-1360394834,43.28292541371316,-94.2500127817536,2024-02-23,0.28997803,6.130005,-4.9799805,0.010009766,10.234946,80.869995,6.26001
osm-1360394834,43.28292541371316,-94.2500127817536,2024-02-24,0.75,8.880005,-5.539978,0.0,14.762303,70.27002,5.6099854
osm-1360394834,43.28292541371316,-94.2500127817536,2024-02-25,4.4000244,11.890015,-1.0999756,0.0,13.042082,70.26001,4.8099976
osm-1360394834,43.28292541371316,-94.2500127817536,2024-02-26,7.409973,19.599976,-2.2299805,0.0,14.966206,62.72998,5.869995
osm-1360394834,43.28292541371316,-94.2500127817536,2024-02-27,-1.3300171,7.4299927,-10.5,0.38000488,7.64813,67.96002,10.700012
osm-1360394834,43.28292541371316,-94.2500127817536,2024-02-28,-8.890015,-3.6599731,-13.599976,0.0,16.889471,52.609985,7.23999
osm-1360394834,43.28292541371316,-94.2500127817536,2024-02-29,1.289978,12.309998,-8.289978,0.0,16.435005,57.559998,8.369995
osm-1360394834,43.28292541371316,-94.2500127817536,2024-03-01,4.8200073,12.880005,-1.0599976,0.0,16.177536,71.53998,9.109985
osm-1360394834,43.28292541371316,-94.2500127817536,2024-03-02,6.950012,17.059998,0.4000244,0.010009766,13.684032,79.59003,7.51001
osm-1360394834,43.28292541371316,-94.2500127817536,2024-03-03,9.890015,19.849976,0.25,0.010009766,16.382303,71.19,8.900024
osm-1360394834,43.28292541371316,-94.2500127817536,2024-03-04,1.5200195,6.23999,-3.9799805,0.26000977,4.497984,64.380005,5.330017
osm-1360394834,43.28292541371316,-94.2500127817536,2024-03-05,2.1400146,9.809998,-4.9400024,0.0,16.465248,59.23999,3.0100098
osm-1360394834,43.28292541371316,-94.2500127817536,2024-03-06,5.0,13.609985,-2.2199707,0.0,15.939936,53.659973,5.5999756
osm-1360394834,43.28292541371316,-94.2500127817536,2024-03-07,3.919983,10.700012,-1.5499878,0.030029297,11.247552,67.46997,5.2800293
osm-1360394834,43.28292541371316,-94.2500127817536,2024-03-08,-0.5800171,5.2199707,-4.51001,0.020019531,14.631838,62.159973,7.909973
osm-1360394834,43.28292541371316,-94.2500127817536,2024-03-09,-1.3300171,5.0,-5.3900146,0.0,18.995039,61.03003,5.5599976
osm-1360394834,43.28292541371316,-94.2500127817536,2024-03-10,3.419983,11.659973,-3.3099976,0.0,17.928865,51.090027,4.3900146
osm-1360394834,43.28292541371316,-94.2500127817536,2024-03-11,10.280029,21.859985,-0.32000732,0.0,17.211746,62.869995,5.9400024
osm-1360394834,43.28292541371316,-94.2500127817536,2024-03-12,10.809998,18.830017,4.669983,0.0,17.35258,56.02002,4.119995
osm-1360394834,43.28292541371316,-94.2500127817536,2024-03-13,10.690002,18.619995,2.5599976,2.9099731,14.791681,59.27002,4.619995
osm-1360394834,43.28292541371316,-94.2500127817536,2024-03-14,9.059998,13.530029,3.8499756,4.630005,5.01293,71.25,6.3099976
osm-1360394834,43.28292541371316,-94.2500127817536,2024-03-15,5.330017,12.150024,-0.9299927,0.23999023,16.556833,69.02002,5.549988
osm-1360394834,43.28292541371316,-94.2500127817536,2024-03-16,4.9299927,9.72998,-0.75,0.0,14.231806,54.099976,8.77002
osm-1360394834,43.28292541371316,-94.2500127817536,2024-03-17,-3.7199707,-0.3499756,-6.6500244,0.0,15.832801,54.96997,8.98999
osm-1360394834,43.28292541371316,-94.2500127817536,2024-03-18,-2.419983,2.8400269,-6.539978,0.0,18.850752,48.409973,5.799988
osm-1360394834,43.28292541371316,-94.2500127817536,2024-03-19,4.330017,12.929993,-2.4899902,0.0,19.98778,56.71997,7.830017
osm-1360394834,43.28292541371316,-94.2500127817536,2024-03-20,-2.619995,1.9199829,-6.9400024,0.0,21.246622,45.549988,5.7800293
osm-1360394834,43.28292541371316,-94.2500127817536,2024-03-21,-0.59002686,2.830017,-3.8200073,0.42999268,10.655714,57.909973,3.2700195
osm-1360394834,43.28292541371316,-94.2500127817536,2024-03-22,-1.5100098,2.960022,-5.450012,0.85998535,7.159968,71.27002,5.8900146
osm-1360394834,43.28292541371316,-94.2500127817536,2024-03-23,-2.2399902,2.8499756,-6.590027,2.369995,12.997151,62.78003,3.3499756
osm-1360394834,43.28292541371316,-94.2500127817536,2024-03-24,-0.35998535,2.460022,-3.9000244,26.690002,2.9220488,89.07001,7.2800293
osm-1360394834,43.28292541371316,-94.2500127817536,2024-03-25,2.880005,7.25,0.2199707,23.849976,4.3217297,96.640015,4.8200073
osm-1360394834,43.28292541371316,-94.2500127817536,2024-03-26,-4.3099976,-0.090026855,-8.609985,1.7600098,9.216287,85.890015,10.650024
osm-1360394834,43.28292541371316,-94.2500127817536,2024-03-27,-5.8499756,0.34002686,-11.570007,0.0,19.648222,75.34003,5.909973
osm-1360394834,43.28292541371316,-94.2500127817536,2024-03-28,-2.2299805,4.950012,-8.549988,0.0,21.510147,68.03003,3.0999756
osm-1360394834,43.28292541371316,-94.2500127817536,2024-03-29,5.710022,15.559998,-2.6900024,0.090026855,15.520898,74.349976,5.450012
osm-1360394834,43.28292541371316,-94.2500127817536,2024-03-30,4.950012,11.0,-0.77001953,0.049987793,20.377438,74.400024,5.460022
osm-1360394834,43.28292541371316,-94.2500127817536,2024-03-31,3.5,8.27002,-0.22998047,0.44000244,5.2427516,80.54999,3.6900024
osm-1360394834,43.28292541371316,-94.2500127817536,2024-04-01,3.0599976,6.7800293,-0.42999268,10.159973,1.9621459,89.640015,6.409973
osm-1360394834,43.28292541371316,-94.2500127817536,2024-04-02,4.330017,9.390015,0.4199829,2.0200195,11.594016,75.369995,8.039978
osm-1360394834,43.28292541371316,-94.2500127817536,2024-04-03,4.299988,11.25,-0.8300171,0.05999756,22.685184,61.390015,11.219971
osm-1360394834,43.28292541371316,-94.2500127817536,2024-04-04,4.23999,11.98999,-2.9099731,0.0,23.857634,67.880005,6.080017
osm-1360394834,43.28292541371316,-94.2500127817536,2024-04-05,6.289978,14.219971,-1.0700073,0.0,22.553854,65.28998,3.619995
osm-1360394834,43.28292541371316,-94.2500127817536,2024-04-06,7.799988,15.119995,0.52001953,0.38000488,23.171618,58.25,10.469971
osm-1360394834,43.28292541371316,-94.2500127817536,2024-04-07,7.340027,11.869995,3.6599731,10.97998,3.7497623,84.83002,8.48999
osm-1360394834,43.28292541371316,-94.2500127817536,2024-04-08,8.809998,14.559998,3.9299927,0.76000977,11.390979,77.65997,6.4299927
osm-1360394834,43.28292541371316,-94.2500127817536,2024-04-09,9.390015,17.049988,1.460022,0.0,21.828098,69.380005,5.75
osm-1360394834,43.28292541371316,-94.2500127817536,2024-04-10,12.419983,20.880005,4.619995,0.5800171,18.607103,58.830017,5.080017
osm-1360394834,43.28292541371316,-94.2500127817536,2024-04-11,8.549988,12.090027,4.669983,1.6500244,11.619071,73.71002,8.820007
osm-1360394834,43.28292541371316,-94.2500127817536,2024-04-12,9.929993,16.51001,2.5700073,0.0,25.488865,60.76001,5.9799805
osm-1360394834,43.28292541371316,-94.2500127817536,2024-04-13,16.0,27.320007,4.4400024,0.010009766,23.35392,57.23999,7.039978
osm-1360394834,43.28292541371316,-94.2500127817536,2024-04-14,16.090027,23.859985,9.27002,0.0,25.169184,58.909973,5.299988
osm-1360394834,43.28292541371316,-94.2500127817536,2024-04-15,16.179993,24.599976,6.909973,0.0,25.176962,48.669983,6.2299805
osm-1360394834,43.28292541371316,-94.2500127817536,2024-04-16,14.320007,22.0,10.169983,33.940002,8.225282,77.29999,9.5
osm-1360394834,43.28292541371316,-94.2500127817536,2024-04-17,11.640015,17.98999,7.73999,0.5700073,16.916254,69.900024,8.150024
osm-1360394834,43.28292541371316,-94.2500127817536,2024-04-18,7.549988,12.650024,1.3599854,11.47998,18.447266,62.22998,6.6799927
osm-1360394834,43.28292541371316,-94.2500127817536,2024-04-19,3.119995,8.090027,-1.289978,0.010009766,21.758114,52.96997,8.919983
osm-1360394834,43.28292541371316,-94.2500127817536,2024-04-20,2.9500122,9.559998,-2.9000244,0.0,15.545087,61.340027,6.289978
osm-1360394834,43.28292541371316,-94.2500127817536,2024-04-21,7.1799927,16.289978,-2.6099854,0.0,27.086401,54.539978,4.5300293
osm-1360394834,43.28292541371316,-94.2500127817536,2024-04-22,10.48999,19.200012,2.8599854,0.049987793,16.314915,60.53003,7.700012
osm-1360394834,43.28292541371316,-94.2500127817536,2024-04-23,10.549988,16.109985,5.3200073,0.010009766,21.689856,63.119995,7.0200195
osm-1360394834,43.28292541371316,-94.2500127817536,2024-04-24,10.190002,17.940002,1.6799927,0.0,26.92224,63.73999,2.5300293
osm-1360394834,43.28292541371316,-94.2500127817536,2024-04-25,13.23999,20.26001,7.23999,0.7199707,22.927969,60.419983,7.450012
osm-1360394834,43.28292541371316,-94.2500127817536,2024-04-26,11.330017,15.77002,8.690002,17.140015,6.48,84.19,10.369995
osm-1360394834,43.28292541371316,-94.2500127817536,2024-04-27,14.799988,20.47998,10.210022,0.13000488,8.332417,74.95001,5.7299805
osm-1360394834,43.28292541371316,-94.2500127817536,2024-04-28,11.789978,16.820007,9.26001,21.0,5.2401624,87.73999,6.289978
osm-1360394834,43.28292541371316,-94.2500127817536,2024-04-29,9.159973,13.460022,4.9799805,0.64001465,9.921313,75.59003,6.23999
osm-1360394834,43.28292541371316,-94.2500127817536,2024-04-30,13.880005,23.429993,3.8599854,15.369995,12.475298,74.380005,5.880005
osm-1360394834,43.28292541371316,-94.2500127817536,2024-05-01,12.539978,18.950012,5.7299805,5.8200073,18.4464,62.059998,4.9699707
osm-1360394834,43.28292541371316,-94.2500127817536,2024-05-02,11.200012,15.320007,7.3599854,29.840027,10.615103,82.75,4.789978
osm-1360394834,43.28292541371316,-94.2500127817536,2024-05-03,14.280029,21.880005,5.2199707,0.0,23.689152,60.039978,4.1400146
osm-1360394834,43.28292541371316,-94.2500127817536,2024-05-04,10.440002,16.830017,3.289978,16.98999,16.104097,73.77002,6.210022
osm-1360394834,43.28292541371316,-94.2500127817536,2024-05-05,12.48999,19.580017,4.6500244,0.0,27.895103,63.630005,3.039978
osm-1360394834,43.28292541371316,-94.2500127817536,2024-05-06,16.440002,23.190002,8.330017,2.9400024,18.353086,71.98999,8.849976
osm-1360394834,43.28292541371316,-94.2500127817536,2024-05-07,16.23999,20.53003,11.73999,23.059998,25.021439,67.01001,6.840027
osm-1360394834,43.28292541371316,-94.2500127817536,2024-05-08,14.030029,18.609985,8.26001,11.109985,18.712515,77.41998,3.789978
osm-1360394834,43.28292541371316,-94.2500127817536,2024-05-09,13.299988,17.570007,9.390015,1.5800171,19.117731,80.19,4.909973
osm-1360394834,43.28292541371316,-94.2500127817536,2024-05-10,15.02002,23.630005,7.4799805,0.05999756,25.477633,62.609985,5.090027
osm-1360394834,43.28292541371316,-94.2500127817536,2024-05-11,16.380005,24.51001,7.2199707,0.0,29.003616,60.109985,3.7299805
osm-1360394834,43.28292541371316,-94.2500127817536,2024-05-12,20.390015,29.039978,11.859985,0.55999756,23.657185,65.02002,4.7199707
osm-1360394834,43.28292541371316,-94.2500127817536,2024-05-13,16.46997,22.070007,11.190002,0.010009766,18.549217,66.82001,4.26001
osm-1360394834,43.28292541371316,-94.2500127817536,2024-05-14,15.450012,22.599976,7.9000244,0.0,27.67738,72.46002,4.4400024
osm-1360394834,43.28292541371316,-94.2500127817536,2024-05-15,16.340027,21.73999,10.640015,6.9400024,15.545087,81.849976,4.4799805
osm-1360394834,43.28292541371316,-94.2500127817536,2024-05-16,16.820007,22.309998,10.5,1.2800293,20.911396,71.90997,4.159973
osm-1360394834,43.28292541371316,-94.2500127817536,2024-05-17,19.77002,27.549988,12.130005,0.2999878,24.635233,66.09003,6.26001
osm-1360394834,43.28292541371316,-94.2500127817536,2024-05-18,19.820007,26.200012,11.960022,0.0,28.6632,65.109985,6.9400024
osm-1360394834,43.28292541371316,-94.2500127817536,2024-05-19,15.859985,21.51001,9.299988,2.1099854,9.329471,67.78998,3.960022
osm-1360394834,43.28292541371316,-94.2500127817536,2024-05-20,21.46997,27.210022,15.130005,5.049988,25.579584,81.46997,2.6400146
osm-1360394834,43.28292541371316,-94.2500127817536,2024-05-21,18.679993,26.299988,10.109985,45.359985,7.845984,86.77002,8.409973
osm-1360394834,43.28292541371316,-94.2500127817536,2024-05-22,15.400024,21.96997,8.289978,0.38000488,27.845856,66.09003,7.1400146
osm-1360394834,43.28292541371316,-94.2500127817536,2024-05-23,18.919983,25.679993,12.059998,0.10998535,29.107298,66.630005,5.2299805
osm-1360394834,43.28292541371316,-94.2500127817536,2024-05-24,16.700012,21.840027,8.530029,15.450012,23.399714,70.140015,8.049988
osm-1360394834,43.28292541371316,-94.2500127817536,2024-05-25,15.76001,21.669983,7.549988,0.099975586,20.607265,69.369995,4.8900146
osm-1360394834,43.28292541371316,-94.2500127817536,2024-05-26,16.25,21.349976,12.309998,3.7399902,19.065887,81.15997,3.9299927
osm-1360394834,43.28292541371316,-94.2500127817536,2024-05-27,16.130005,21.5,10.919983,5.51001,22.977217,75.609985,5.01001
osm-1360394834,43.28292541371316,-94.2500127817536,2024-05-28,14.169983,19.25,8.809998,1.1199951,24.711266,76.16998,4.590027
osm-1360394834,43.28292541371316,-94.2500127817536,2024-05-29,15.72998,22.460022,7.5300293,0.0,30.819746,69.140015,2.669983
osm-1360394834,43.28292541371316,-94.2500127817536,2024-05-30,18.559998,25.27002,11.099976,2.4699707,23.316769,73.32001,6.700012
osm-1360394834,43.28292541371316,-94.2500127817536,2024-05-31,18.940002,22.140015,16.52002,31.669983,9.291454,86.04999,3.3900146
osm-1360394834,43.28292541371316,-94.2500127817536,2024-06-01,19.46997,23.840027,15.169983,1.0,22.608288,70.859985,2.960022
osm-1360394834,43.28292541371316,-94.2500127817536,2024-06-02,19.130005,22.869995,13.080017,5.25,19.16093,79.96002,6.1400146
osm-1360394834,43.28292541371316,-94.2500127817536,2024-06-03,23.140015,28.23999,19.369995,1.8200073,27.45792,77.71002,4.130005
osm-1360394834,43.28292541371316,-94.2500127817536,2024-06-04,20.640015,27.359985,12.109985,17.75,17.850239,84.03998,5.1799927
osm-1360394834,43.28292541371316,-94.2500127817536,2024-06-05,18.159973,24.859985,10.700012,0.15002441,21.500639,66.98999,6.299988
osm-1360394834,43.28292541371316,-94.2500127817536,2024-06-06,17.26001,22.96997,11.25,0.0,31.634499,60.960022,7.6500244
osm-1360394834,43.28292541371316,-94.2500127817536,2024-06-07,17.460022,24.73999,10.570007,3.0300293,18.892221,68.0,3.4500122
osm-1360394834,43.28292541371316,-94.2500127817536,2024-06-08,18.169983,23.25,13.630005,1.039978,27.296352,70.71002,4.039978
osm-1360394834,43.28292541371316,-94.2500127817536,2024-06-09,17.859985,23.97998,11.5,0.039978027,30.104353,64.69,5.580017
osm-1360394834,43.28292541371316,-94.2500127817536,2024-06-10,17.01001,23.21997,10.0,0.0,28.554337,72.23999,2.6400146
osm-1360394834,43.28292541371316,-94.2500127817536,2024-06-11,20.47998,28.01001,13.549988,0.55999756,28.327103,69.16998,5.0599976
osm-1360394834,43.28292541371316,-94.2500127817536,2024-06-12,23.330017,28.549988,16.359985,6.299988,17.277407,74.20001,5.380005
osm-1360394834,43.28292541371316,-94.2500127817536,2024-06-13,22.309998,27.200012,16.369995,2.1400146,18.868898,72.01001,4.669983
osm-1360394834,43.28292541371316,-94.2500127817536,2024-06-14,20.429993,26.78003,12.710022,0.010009766,28.268353,65.640015,3.460022
osm-1360394834,43.28292541371316,-94.2500127817536,2024-06-15,20.789978,24.830017,16.71997,17.859985,10.275552,80.01001,6.6799927
osm-1360394834,43.28292541371316,-94.2500127817536,2024-06-16,25.78003,30.820007,21.72998,16.28003,27.180578,82.27002,6.169983
osm-1360394834,43.28292541371316,-94.2500127817536,2024-06-17,23.840027,28.679993,20.940002,19.080017,10.557217,88.78998,3.8400269
osm-1360394834,43.28292541371316,-94.2500127817536,2024-06-18,24.099976,28.25,17.590027,12.73999,15.395617,87.619995,8.460022
osm-1360394834,43.28292541371316,-94.2500127817536,2024-06-19,18.0,21.179993,15.190002,2.3200073,18.646849,78.07001,3.9000244
osm-1360394834,43.28292541371316,-94.2500127817536,2024-06-20,18.52002,21.26001,14.75,27.109985,10.420703,89.890015,2.5900269
osm-1360394834,43.28292541371316,-94.2500127817536,2024-06-21,24.52002,29.330017,18.330017,25.359985,15.35587,86.03003,2.7000122
osm-1360394834,43.28292541371316,-94.2500127817536,2024-06-22,24.119995,27.880005,18.099976,60.390015,13.483584,87.48999,5.2700195
osm-1360394834,43.28292541371316,-94.2500127817536,2024-06-23,22.77002,27.96997,15.640015,0.3499756,27.190083,78.04999,2.5499878
osm-1360394834,43.28292541371316,-94.2500127817536,2024-06-24,26.26001,31.080017,20.409973,2.1500244,25.93987,83.859985,6.0700073
osm-1360394834,43.28292541371316,-94.2500127817536,2024-06-25,24.700012,29.22998,19.909973,0.5800171,25.345438,77.859985,4.450012
osm-1360394834,43.28292541371316,-94.2500127817536,2024-06-26,21.570007,25.940002,16.830017,0.27001953,29.420065,76.359985,3.9500122
osm-1360394834,43.28292541371316,-94.2500127817536,2024-06-27,19.809998,24.78003,13.98999,10.590027,11.869633,88.0,4.210022
osm-1360394834,43.28292541371316,-94.2500127817536,2024-06-28,21.799988,26.630005,18.119995,24.820007,9.780481,90.09003,6.48999
osm-1360394834,43.28292541371316,-94.2500127817536,2024-06-29,18.109985,21.289978,12.210022,0.010009766,25.502687,76.82001,5.700012
osm-1360394834,43.28292541371316,-94.2500127817536,2024-06-30,16.619995,22.289978,9.460022,0.0,31.169666,72.51001,2.869995
osm-1360394834,43.28292541371316,-94.2500127817536,2024-07-01,17.119995,20.23999,13.429993,5.1400146,15.538178,76.82001,7.159973
osm-1360394834,43.28292541371316,-94.2500127817536,2024-07-02,19.340027,24.450012,14.580017,17.830017,8.6702385,89.130005,3.9400024
osm-1360394834,43.28292541371316,-94.2500127817536,2024-07-03,22.340027,28.080017,15.51001,1.6699829,27.908066,76.82001,4.01001
osm-1360394834,43.28292541371316,-94.2500127817536,2024-07-04,21.27002,25.710022,16.400024,20.0,15.434498,84.79999,4.419983
osm-1360394834,43.28292541371316,-94.2500127817536,2024-07-05,19.46997,23.080017,15.75,0.85998535,22.352547,81.40997,4.880005
osm-1360394834,43.28292541371316,-94.2500127817536,2024-07-06,20.78003,24.98999,15.880005,4.5,22.926239,79.46997,2.0200195
osm-1360394834,43.28292541371316,-94.2500127817536,2024-07-07,21.330017,25.72998,15.030029,3.75,25.163136,79.67999,2.2800293
osm-1360394834,43.28292541371316,-94.2500127817536,2024-07-08,21.619995,25.5,15.960022,0.4699707,26.853119,76.890015,2.669983
osm-1360394834,43.28292541371316,-94.2500127817536,2024-07-09,23.099976,27.869995,16.890015,1.539978,25.354946,71.19,1.8099976
osm-1360394834,43.28292541371316,-94.2500127817536,2024-07-10,20.840027,24.820007,17.01001,11.119995,19.67933,83.380005,2.580017
osm-1360394834,43.28292541371316,-94.2500127817536,2024-07-11,22.669983,28.309998,16.01001,0.0,27.2808,76.96997,2.0300293
osm-1360394834,43.28292541371316,-94.2500127817536,2024-07-12,23.080017,27.76001,17.0,0.039978027,27.762049,84.150024,4.6400146
osm-1360394834,43.28292541371316,-94.2500127817536,2024-07-13,25.330017,29.659973,20.809998,0.38000488,22.801823,87.26001,3.4799805
osm-1360394834,43.28292541371316,-94.2500127817536,2024-07-14,25.590027,30.359985,20.799988,0.32000732,23.26147,85.66998,2.8200073
osm-1360394834,43.28292541371316,-94.2500127817536,2024-07-15,24.669983,30.580017,19.25,2.6400146,14.592962,86.76001,4.159973
osm-1360394834,43.28292541371316,-94.2500127817536,2024-07-16,20.909973,25.349976,16.330017,0.070007324,23.606207,80.17999,3.4500122
osm-1360394834,43.28292541371316,-94.2500127817536,2024-07-17,18.659973,22.330017,14.710022,0.0,27.494205,75.95001,3.960022
osm-1360394834,43.28292541371316,-94.2500127817536,2024-07-18,19.309998,23.820007,14.659973,0.0,27.132195,70.26001,1.4699707
osm-1360394834,43.28292541371316,-94.2500127817536,2024-07-19,19.940002,25.330017,13.650024,0.15997314,14.712194,78.54999,3.830017
osm-1360394834,43.28292541371316,-94.2500127817536,2024-07-20,21.080017,24.710022,16.23999,3.7600098,16.266531,82.27002,2.2999878
osm-1360394834,43.28292541371316,-94.2500127817536,2024-07-21,21.349976,25.0,16.349976,1.9099731,19.941984,81.75,1.3599854
osm-1360394834,43.28292541371316,-94.2500127817536,2024-07-22,22.46997,26.700012,17.299988,2.4500122,23.658915,82.099976,1.8099976
osm-1360394834,43.28292541371316,-94.2500127817536,2024-07-23,22.650024,27.03003,18.679993,1.3499756,16.019423,85.92999,2.5700073
osm-1360394834,43.28292541371316,-94.2500127817536,2024-07-24,21.309998,25.51001,18.0,4.289978,15.854401,87.09003,2.7800293
osm-1360394834,43.28292541371316,-94.2500127817536,2024-07-25,21.429993,26.650024,15.440002,0.010009766,21.682947,86.25,3.9299927
osm-1360394834,43.28292541371316,-94.2500127817536,2024-07-26,24.169983,30.119995,18.02002,0.049987793,19.655136,82.95001,5.200012
osm-1360394834,43.28292541371316,-94.2500127817536,2024-07-27,25.090027,30.369995,20.570007,0.0,23.676195,77.95001,5.73999
osm-1360394834,43.28292541371316,-94.2500127817536,2024-07-28,24.03003,29.48999,18.140015,3.1400146,23.475746,80.34003,4.6900024
osm-1360394834,43.28292541371316,-94.2500127817536,2024-07-29,24.890015,28.650024,21.02002,2.3499756,24.422688,83.390015,2.0499878
osm-1360394834,43.28292541371316,-94.2500127817536,2024-07-30,25.46997,29.690002,20.919983,0.39001465,19.648222,83.33002,2.3499756
osm-1360394834,43.28292541371316,-94.2500127817536,2024-07-31,26.090027,30.090027,22.900024,15.679993,22.582369,90.66998,3.460022
osm-1360394834,43.28292541371316,-94.2500127817536,2024-08-01,23.0,25.450012,20.070007,12.98999,21.624195,87.84003,3.0
osm-1360394834,43.28292541371316,-94.2500127817536,2024-08-02,24.150024,30.179993,17.53003,0.0,27.318817,80.08002,3.2299805
osm-1360394834,43.28292541371316,-94.2500127817536,2024-08-03,24.580017,30.059998,18.409973,0.070007324,26.306206,77.619995,2.210022
osm-1360394834,43.28292541371316,-94.2500127817536,2024-08-04,23.859985,27.929993,19.039978,0.89001465,9.650882,86.70001,2.6900024
osm-1360394834,43.28292541371316,-94.2500127817536,2024-08-05,24.820007,31.849976,16.700012,9.030029,15.589151,83.900024,4.3099976
osm-1360394834,43.28292541371316,-94.2500127817536,2024-08-06,18.21997,22.570007,13.669983,0.22998047,22.47264,76.56,4.7800293
osm-1360394834,43.28292541371316,-94.2500127817536,2024-08-07,20.25,25.349976,13.48999,0.030029297,17.535746,75.53003,2.5999756
osm-1360394834,43.28292541371316,-94.2500127817536,2024-08-08,17.570007,20.650024,12.51001,0.020019531,24.935904,74.03998,5.3599854
osm-1360394834,43.28292541371316,-94.2500127817536,2024-08-09,15.219971,20.049988,10.409973,0.0,23.383297,73.97998,5.0200195
osm-1360394834,43.28292541371316,-94.2500127817536,2024-08-10,16.460022,21.909973,9.809998,0.0,25.538979,71.28003,3.4699707
osm-1360394834,43.28292541371316,-94.2500127817536,2024-08-11,19.309998,25.080017,13.22998,0.97998047,21.008163,69.81,1.710022
osm-1360394834,43.28292541371316,-94.2500127817536,2024-08-12,18.880005,23.119995,15.669983,1.0200195,14.940287,82.40997,2.1900024
osm-1360394834,43.28292541371316,-94.2500127817536,2024-08-13,20.169983,24.98999,14.309998,0.08001709,18.357407,81.75,3.0999756
osm-1360394834,43.28292541371316,-94.2500127817536,2024-08-14,19.27002,22.25,17.01001,21.890015,5.5321946,89.40997,5.880005
osm-1360394834,43.28292541371316,-94.2500127817536,2024-08-15,21.890015,26.619995,18.320007,2.289978,19.98778,87.07001,4.460022
osm-1360394834,43.28292541371316,-94.2500127817536,2024-08-16,21.26001,24.950012,17.51001,1.1900024,13.4317465,84.92999,6.26001
osm-1360394834,43.28292541371316,-94.2500127817536,2024-08-17,20.619995,24.76001,16.900024,0.28997803,15.29453,85.71002,4.9799805
osm-1360394834,43.28292541371316,-94.2500127817536,2024-08-18,21.650024,26.940002,15.929993,0.0,22.309347,81.849976,2.4799805
osm-1360394834,43.28292541371316,-94.2500127817536,2024-08-19,20.27002,24.96997,15.369995,0.0,23.965633,74.400024,2.3400269
osm-1360394834,43.28292541371316,-94.2500127817536,2024-08-20,19.02002,22.799988,15.789978,1.5599976,9.544605,78.46002,2.4500122
osm-1360394834,43.28292541371316,-94.2500127817536,2024-08-21,18.98999,24.52002,14.840027,0.27001953,21.703682,80.81,4.3200073
osm-1360394834,43.28292541371316,-94.2500127817536,2024-08-22,18.72998,24.73999,13.669983,0.0,16.081633,65.26001,5.630005
osm-1360394834,43.28292541371316,-94.2500127817536,2024-08-23,20.679993,27.710022,14.859985,0.049987793,19.073666,63.580017,4.4000244
osm-1360394834,43.28292541371316,-94.2500127817536,2024-08-24,22.340027,28.73999,15.219971,0.0,19.179935,73.84003,4.2700195
osm-1360394834,43.28292541371316,-94.2500127817536,2024-08-25,26.169983,30.849976,22.150024,0.05999756,15.64013,86.46997,3.5900269
osm-1360394834,43.28292541371316,-94.2500127817536,2024-08-26,27.52002,32.27002,21.900024,1.9500122,21.823778,80.48999,1.4099731
osm-1360394834,43.28292541371316,-94.2500127817536,2024-08-27,22.869995,26.46997,18.340027,1.3099976,13.909535,85.27002,3.0900269
osm-1360394834,43.28292541371316,-94.2500127817536,2024-08-28,22.48999,27.840027,16.900024,0.27001953,21.384,80.72998,2.3499756
osm-1360394834,43.28292541371316,-94.2500127817536,2024-08-29,23.909973,28.659973,17.679993,21.070007,13.441249,86.66998,4.6099854
osm-1360394834,43.28292541371316,-94.2500127817536,2024-08-30,19.349976,24.679993,15.390015,4.0599976,22.765535,75.08002,3.330017
osm-1360394834,43.28292541371316,-94.2500127817536,2024-08-31,20.289978,27.140015,13.179993,0.0,23.131006,70.82001,4.2700195
osm-1360394834,43.28292541371316,-94.2500127817536,2024-09-01,16.98999,21.830017,12.549988,0.0,23.8896,70.98999,3.9299927
osm-1360394834,43.28292541371316,-94.2500127817536,2024-09-02,16.77002,22.869995,10.830017,0.0,22.265282,66.22998,2.9699707
osm-1360394834,43.28292541371316,-94.2500127817536,2024-09-03,17.890015,25.210022,11.559998,0.0,23.468834,59.590027,5.5999756
osm-1360394834,43.28292541371316,-94.2500127817536,2024-09-04,19.900024,27.650024,11.700012,0.0,22.545218,60.76001,6.080017
osm-1360394834,43.28292541371316,-94.2500127817536,2024-09-05,19.22998,24.130005,13.349976,1.5100098,18.70733,73.91998,4.950012
osm-1360394834,43.28292541371316,-94.2500127817536,2024-09-06,15.030029,20.77002,9.659973,0.539978,19.599838,71.77002,3.9299927
osm-1360394834,43.28292541371316,-94.2500127817536,2024-09-07,14.900024,21.869995,7.76001,0.0,20.725634,69.75,1.9500122
osm-1360394834,43.28292541371316,-94.2500127817536,2024-09-08,16.460022,24.309998,9.059998,0.0,20.259935,62.97998,4.049988
osm-1360394834,43.28292541371316,-94.2500127817536,2024-09-09,19.320007,28.119995,11.070007,0.0,19.65427,57.539978,4.7800293
osm-1360394834,43.28292541371316,-94.2500127817536,2024-09-10,20.559998,28.369995,14.820007,0.010009766,11.385795,51.28003,6.9000244
osm-1360394834,43.28292541371316,-94.2500127817536,2024-09-11,20.820007,30.03003,13.869995,0.070007324,19.293983,51.049988,4.409973
osm-1360394834,43.28292541371316,-94.2500127817536,2024-09-12,20.609985,28.22998,14.630005,0.0,18.292606,58.73999,4.6900024
osm-1360394834,43.28292541371316,-94.2500127817536,2024-09-13,19.659973,26.97998,14.340027,0.0,18.044638,63.059998,4.1900024
osm-1360394834,43.28292541371316,-94.2500127817536,2024-09-14,20.77002,26.27002,15.690002,0.72998047,10.126081,77.83002,2.8200073
osm-1360394834,43.28292541371316,-94.2500127817536,2024-09-15,23.48999,30.169983,17.02002,0.030029297,18.259779,73.76001,3.789978
osm-1360394834,43.28292541371316,-94.2500127817536,2024-09-16,23.559998,29.73999,18.400024,0.42999268,17.71373,61.700012,4.3599854
osm-1360394834,43.28292541371316,-94.2500127817536,2024-09-17,23.059998,29.340027,19.71997,0.17999268,14.438303,63.21997,5.7800293
osm-1360394834,43.28292541371316,-94.2500127817536,2024-09-18,22.869995,28.119995,18.609985,5.2199707,8.09827,68.66998,5.830017
osm-1360394834,43.28292541371316,-94.2500127817536,2024-09-19,22.950012,29.619995,17.799988,4.080017,12.347422,72.900024,4.6900024
osm-1360394834,43.28292541371316,-94.2500127817536,2024-09-20,22.140015,29.950012,14.590027,0.0,18.857666,59.099976,3.3099976
osm-1360394834,43.28292541371316,-94.2500127817536,2024-09-21,22.039978,29.880005,16.140015,0.020019531,17.507233,55.369995,5.700012
osm-1360394834,43.28292541371316,-94.2500127817536,2024-09-22,15.23999,20.919983,10.390015,0.0,15.651362,57.77002,4.960022
osm-1360394834,43.28292541371316,-94.2500127817536,2024-09-23,14.210022,21.27002,7.340027,0.0,19.193762,59.580017,3.0599976
osm-1360394834,43.28292541371316,-94.2500127817536,2024-09-24,16.570007,23.159973,10.909973,0.72998047,15.408579,63.26001,2.3200073
osm-1360394834,43.28292541371316,-94.2500127817536,2024-09-25,18.159973,25.700012,10.98999,0.0,18.595871,59.059998,2.25
osm-1360394834,43.28292541371316,-94.2500127817536,2024-09-26,18.909973,27.109985,12.049988,0.0,17.742239,57.059998,3.4500122
osm-1360394834,43.28292541371316,-94.2500127817536,2024-09-27,19.52002,27.880005,13.030029,0.0,18.009216,57.130005,2.4400024
osm-1360394834,43.28292541371316,-94.2500127817536,2024-09-28,20.03003,29.179993,12.460022,0.0,17.827778,60.169983,3.3099976
osm-1360394834,43.28292541371316,-94.2500127817536,2024-09-29,20.26001,29.059998,13.450012,0.0,17.37072,61.5,2.8900146
osm-1360394834,43.28292541371316,-94.2500127817536,2024-09-30,19.71997,29.640015,12.97998,0.0,16.504995,55.859985,6.8099976
osm-1360394834,43.28292541371316,-94.2500127817536,2024-10-01,13.119995,19.299988,7.169983,0.0,16.771103,43.619995,4.3900146
osm-1360394834,43.28292541371316,-94.2500127817536,2024-10-02,16.090027,25.549988,8.700012,0.0,17.001795,39.580017,6.799988
osm-1360394834,43.28292541371316,-94.2500127817536,2024-10-03,15.049988,22.669983,10.080017,0.0,14.333762,58.419983,5.2700195
osm-1360394834,43.28292541371316,-94.2500127817536,2024-10-04,13.859985,22.130005,6.5200195,0.0,16.931807,52.27002,4.23999
osm-1360394834,43.28292541371316,-94.2500127817536,2024-10-05,17.340027,28.940002,10.679993,0.0,14.6819515,61.409973,6.7299805
osm-1360394834,43.28292541371316,-94.2500127817536,2024-10-06,12.349976,18.5,6.8599854,0.0,17.30333,45.25,6.080017
osm-1360394834,43.28292541371316,-94.2500127817536,2024-10-07,12.570007,19.869995,5.3900146,0.0,16.264801,45.46997,2.0200195
osm-1360394834,43.28292541371316,-94.2500127817536,2024-10-08,15.340027,25.369995,7.380005,0.0,15.213314,44.96997,2.6599731
osm-1360394834,43.28292541371316,-94.2500127817536,2024-10-09,15.73999,25.96997,8.409973,0.0,14.811552,55.669983,2.5900269
osm-1360394834,43.28292541371316,-94.2500127817536,2024-10-10,17.409973,27.700012,8.780029,0.0,14.8841305,54.51001,4.2800293
osm-1360394834,43.28292541371316,-94.2500127817536,2024-10-11,17.01001,24.01001,12.25,0.0,11.980222,52.929993,4.789978
osm-1360394834,43.28292541371316,-94.2500127817536,2024-10-12,12.859985,18.72998,8.0,0.010009766,7.7448974,68.869995,3.0999756
osm-1360394834,43.28292541371316,-94.2500127817536,2024-10-13,9.47998,13.940002,6.119995,0.0,13.973471,58.789978,8.200012
osm-1360394834,43.28292541371316,-94.2500127817536,2024-10-14,6.0700073,11.440002,1.539978,0.010009766,7.1478705,63.609985,3.0999756
osm-1360394834,43.28292541371316,-94.2500127817536,2024-10-15,5.7700195,12.48999,0.5999756,0.0,15.507071,63.340027,3.380005
osm-1360394834,43.28292541371316,-94.2500127817536,2024-10-16,7.380005,15.940002,-0.6199951,0.0,15.751584,46.52002,5.419983
osm-1360394834,43.28292541371316,-94.2500127817536,2024-10-17,12.140015,21.640015,4.630005,0.0,14.696638,37.400024,9.75
osm-1360394834,43.28292541371316,-94.2500127817536,2024-10-18,15.090027,23.53003,7.700012,0.10998535,13.760065,43.559998,7.6500244
osm-1360394834,43.28292541371316,-94.2500127817536,2024-10-19,16.75,23.890015,10.940002,0.0,8.582978,54.450012,4.8900146
osm-1360394834,43.28292541371316,-94.2500127817536,2024-10-20,19.51001,27.78003,13.419983,0.0,13.06973,59.390015,6.330017
osm-1360394834,43.28292541371316,-94.2500127817536,2024-10-21,18.75,26.119995,13.820007,0.0,10.115714,42.429993,5.669983
osm-1360394834,43.28292541371316,-94.2500127817536,2024-10-22,17.23999,23.679993,11.73999,0.010009766,12.473568,52.72998,5.5
osm-1360394834,43.28292541371316,-94.2500127817536,2024-10-23,10.01001,15.659973,5.4699707,0.0,14.342401,50.450012,4.26001
osm-1360394834,43.28292541371316,-94.2500127817536,2024-10-24,10.710022,17.309998,5.130005,1.3300171,7.382016,52.390015,5.090027
osm-1360394834,43.28292541371316,-94.2500127817536,2024-10-25,8.75,15.01001,3.7600098,0.0,13.124163,66.33002,4.75
osm-1360394834,43.28292541371316,-94.2500127817536,2024-10-26,8.700012,16.409973,2.9099731,0.0,11.895552,45.669983,3.539978
osm-1360394834,43.28292541371316,-94.2500127817536,2024-10-27,11.140015,19.909973,4.25,0.0,12.116735,43.02002,6.7299805
osm-1360394834,43.28292541371316,-94.2500127817536,2024-10-28,16.190002,23.159973,10.549988,0.0,10.342946,72.02002,6.9699707
osm-1360394834,43.28292541371316,-94.2500127817536,2024-10-29,19.890015,26.090027,12.380005,0.0,9.856514,70.5,6.159973
osm-1360394834,43.28292541371316,-94.2500127817536,2024-10-30,13.719971,22.76001,7.840027,14.539978,3.4119353,77.15997,6.4299927
osm-1360394834,43.28292541371316,-94.2500127817536,2024-10-31,3.380005,7.75,-0.9699707,8.330017,5.932222,77.57001,7.630005
osm-1360394834,43.28292541371316,-94.2500127817536,2024-11-01,4.5300293,12.789978,-1.1699829,0.0,9.065951,64.28998,3.5999756
osm-1360394834,43.28292541371316,-94.2500127817536,2024-11-02,8.169983,16.349976,1.9699707,1.2600098,8.409314,70.94,4.840027
osm-1360394834,43.28292541371316,-94.2500127817536,2024-11-03,9.349976,12.450012,6.909973,3.7600098,2.4684486,92.75,5.5599976
osm-1360394834,43.28292541371316,-94.2500127817536,2024-11-04,11.349976,14.73999,6.710022,11.030029,3.805919,84.21002,4.4400024
osm-1360394834,43.28292541371316,-94.2500127817536,2024-11-05,5.1799927,8.390015,1.539978,9.539978,3.5717783,90.20001,4.8599854
osm-1360394834,43.28292541371316,-94.2500127817536,2024-11-06,5.5599976,11.830017,1.2399902,0.08001709,8.331552,77.03003,1.5999756
osm-1360394834,43.28292541371316,-94.2500127817536,2024-11-07,5.3599854,12.640015,0.099975586,0.0,10.609055,74.94,3.9400024
osm-1360394834,43.28292541371316,-94.2500127817536,2024-11-08,6.5599976,13.549988,1.4199829,0.0,10.265184,74.130005,3.3099976
osm-1360394834,43.28292541371316,-94.2500127817536,2024-11-09,8.030029,11.820007,5.1500244,1.8400269,3.1821136,80.95001,6.1799927
osm-1360394834,43.28292541371316,-94.2500127817536,2024-11-10,9.200012,13.72998,6.6500244,3.119995,5.7386866,85.44,4.5999756
osm-1360394834,43.28292541371316,-94.2500127817536,2024-11-11,3.869995,8.630005,-0.34002686,0.020019531,10.73693,73.119995,5.830017
osm-1360394834,43.28292541371316,-94.2500127817536,2024-11-12,3.4299927,10.27002,-1.8699951,0.0,10.429346,73.52002,6.9000244
osm-1360394834,43.28292541371316,-94.2500127817536,2024-11-13,4.2299805,7.159973,1.8900146,9.049988,1.939681,92.869995,4.919983
osm-1360394834,43.28292541371316,-94.2500127817536,2024-11-14,5.1400146,9.380005,1.0,0.039978027,3.7091515,86.90997,3.4000244
osm-1360394834,43.28292541371316,-94.2500127817536,2024-11-15,5.5999756,14.690002,-1.210022,0.0,8.836995,80.44,4.299988
osm-1360394834,43.28292541371316,-94.2500127817536,2024-11-16,9.539978,15.719971,4.549988,0.0,8.5596485,77.619995,9.169983
osm-1360394834,43.28292541371316,-94.2500127817536,2024-11-17,6.460022,13.630005,1.0999756,0.0,9.724319,70.53003,4.200012
osm-1360394834,43.28292541371316,-94.2500127817536,2024-11-18,7.1400146,14.710022,0.9699707,30.77002,3.0386865,94.28998,6.0
osm-1360394834,43.28292541371316,-94.2500127817536,2024-11-19,7.6400146,12.51001,1.7399902,0.72998047,3.6668162,77.08002,8.900024
osm-1360394834,43.28292541371316,-94.2500127817536,2024-11-20,-1.0200195,1.0,-3.8200073,0.5800171,3.1233623,68.71002,9.909973
osm-1360394834,43.28292541371316,-94.2500127817536,2024-11-21,-1.6799927,3.1400146,-4.0,0.010009766,8.119005,76.27002,8.940002
osm-1360394834,43.28292541371316,-94.2500127817536,2024-11-22,-0.9000244,4.01001,-4.380005,0.0,7.9876814,79.28003,3.1900024
osm-1360394834,43.28292541371316,-94.2500127817536,2024-11-23,2.1099854,6.830017,-1.6699829,0.0,6.950881,78.099976,2.869995
osm-1360394834,43.28292541371316,-94.2500127817536,2024-11-24,3.169983,6.380005,0.6300049,0.020019531,3.0697947,85.22998,4.51001
osm-1360394834,43.28292541371316,-94.2500127817536,2024-11-25,-2.4400024,2.0900269,-6.0,0.039978027,9.001152,68.73999,7.450012
osm-1360394834,43.28292541371316,-94.2500127817536,2024-11-26,-3.080017,2.2700195,-6.0599976,0.0,8.322914,74.150024,2.0599976
osm-1360394834,43.28292541371316,-94.2500127817536,2024-11-27,-3.4899902,-1.039978,-4.6799927,0.010009766,5.820768,76.31,5.5
osm-1360394834,43.28292541371316,-94.2500127817536,2024-11-28,-6.4400024,-3.7999878,-11.219971,0.010009766,2.898719,72.28003,6.869995
osm-1360394834,43.28292541371316,-94.2500127817536,2024-11-29,-10.590027,-6.419983,-13.039978,0.0,9.315649,64.21002,6.039978
osm-1360394834,43.28292541371316,-94.2500127817536,2024-11-30,-10.450012,-6.4699707,-13.640015,0.0,8.125919,64.03998,4.7700195
osm-1360394834,43.28292541371316,-94.2500127817536,2024-12-01,-9.619995,-5.700012,-14.099976,0.13000488,8.868962,73.130005,3.6900024
osm-1360394834,43.28292541371316,-94.2500127817536,2024-12-02,-7.3599854,-5.0,-10.099976,0.4000244,6.8212814,78.17999,4.73999
osm-1360394834,43.28292541371316,-94.2500127817536,2024-12-03,-5.549988,0.38000488,-10.72998,0.0,6.918914,78.06,6.049988
osm-1360394834,43.28292541371316,-94.2500127817536,2024-12-04,-5.549988,1.9299927,-12.869995,0.0,5.698081,72.92999,11.349976
osm-1360394834,43.28292541371316,-94.2500127817536,2024-12-05,-10.789978,-6.9299927,-14.049988,0.0,8.451649,69.58002,5.340027
osm-1360394834,43.28292541371316,-94.2500127817536,2024-12-06,-4.200012,3.75,-9.900024,0.0,7.7492166,72.06,4.380005
osm-1360394834,43.28292541371316,-94.2500127817536,2024-12-07,0.73999023,5.210022,-2.669983,0.0,7.093438,82.95001,6.1400146
osm-1360394834,43.28292541371316,-94.2500127817536,2024-12-08,2.9000244,9.169983,-0.26000977,0.0,5.4129624,86.21997,4.5300293
osm-1360394834,43.28292541371316,-94.2500127817536,2024-12-09,0.17999268,5.7299805,-3.960022,0.0,5.2652164,75.349976,8.169983
osm-1360394834,43.28292541371316,-94.2500127817536,2024-12-10,-2.580017,1.2800293,-5.119995,0.11999512,2.6732163,70.72998,4.6500244
osm-1360394834,43.28292541371316,-94.2500127817536,2024-12-11,-11.900024,-3.9099731,-17.559998,0.10998535,6.488638,64.71002,8.23999
osm-1360394834,43.28292541371316,-94.2500127817536,2024-12-12,-15.880005,-12.51001,-18.359985,0.0,3.322946,64.02002,2.7999878
osm-1360394834,43.28292541371316,-94.2500127817536,2024-12-13,-11.869995,-7.460022,-16.559998,0.070007324,4.985281,62.27002,6.590027
osm-1360394834,43.28292541371316,-94.2500127817536,2024-12-14,-4.0700073,-1.8200073,-7.8499756,0.5499878,1.1067839,89.72998,5.590027
osm-1360394834,43.28292541371316,-94.2500127817536,2024-12-15,-0.3300171,2.630005,-2.619995,0.10998535,2.5824974,94.08002,4.8099976
osm-1360394834,43.28292541371316,-94.2500127817536,2024-12-16,0.35998535,5.76001,-2.8900146,0.039978027,7.356962,82.640015,6.710022
osm-1360394834,43.28292541371316,-94.2500127817536,2024-12-17,-3.5900269,-2.5300293,-4.580017,4.5200195,2.0191677,82.78998,3.1900024
osm-1360394834,43.28292541371316,-94.2500127817536,2024-12-18,-6.710022,-2.9500122,-10.119995,0.10998535,2.3535352,75.0,4.169983
osm-1360394834,43.28292541371316,-94.2500127817536,2024-12-19,-4.7700195,0.22998047,-7.299988,3.1599731,2.3863676,87.94,8.219971
osm-1360394834,43.28292541371316,-94.2500127817536,2024-12-20,-9.090027,-6.4400024,-11.51001,0.05999756,3.5709136,76.72998,5.210022
osm-1360394834,43.28292541371316,-94.2500127817536,2024-12-21,-8.950012,-3.1799927,-13.960022,0.0,2.372546,81.44,4.630005
osm-1360394834,43.28292541371316,-94.2500127817536,2024-12-22,-2.9500122,1.4500122,-8.159973,0.0,2.5989134,92.369995,6.659973
osm-1360394834,43.28292541371316,-94.2500127817536,2024-12-23,-2.0300293,0.55999756,-4.6500244,0.010009766,3.301346,93.27002,4.669983
osm-1360394834,43.28292541371316,-94.2500127817536,2024-12-24,-2.880005,1.039978,-5.0300293,0.020019531,1.7038056,93.84003,2.5499878
osm-1360394834,43.28292541371316,-94.2500127817536,2024-12-25,-1.1699829,1.5900269,-3.4000244,0.020019531,2.5557137,92.900024,4.5700073
osm-1360394834,43.28292541371316,-94.2500127817536,2024-12-26,0.51000977,2.080017,-1.1099854,0.4699707,2.7984974,97.46997,4.6900024
osm-1360394834,43.28292541371316,-94.2500127817536,2024-12-27,1.789978,3.080017,1.0499878,11.299988,2.121119,98.47998,3.0599976
osm-1360394834,43.28292541371316,-94.2500127817536,2024-12-28,1.5100098,5.8499756,-0.59002686,0.049987793,7.8338866,95.34003,4.0999756
osm-1360394834,43.28292541371316,-94.2500127817536,2024-12-29,0.7199707,3.4799805,-1.0,0.15002441,3.6754541,95.109985,2.080017
osm-1360394834,43.28292541371316,-94.2500127817536,2024-12-30,0.0,2.4799805,-1.4099731,0.90997314,1.8930217,96.400024,3.2399902
osm-1360394834,43.28292541371316,-94.2500127817536,2024-12-31,-2.369995,-0.3499756,-4.26001,0.010009766,2.2299838,71.46002,8.179993
